itinerario,endereco,referencia,horario,turno
Monte Serrat,"R. Geraldo Ferraz, Monte Serrat, Itupeva ",Caixa D‘água,6:05,ADM
Monte Serrat,"R. Vicente Tonoli, Monte Serrat, Itupeva ",Recanto Nordestino,6:10,ADM
Monte Serrat,"Av. Nelson Gulla, Monte Serrat, Itupeva ",Rodoviária de Itupeva,6:16,ADM
Monte Serrat,"Av. Emílio Chechinato, Jardim Samambaia, Itupeva ",Parque da Cidade,6:18,ADM
Monte Serrat,"Av. Emílio Chechinato, Chácara Paraíso, Itupeva ",Bosal do Brasil,6:23,ADM
Monte Serrat,"Av. Emílio Chechinato, Res. Pacaembu 1, Itupeva ",Samotur Transportes,6:26,ADM
Monte Serrat,"Av. José Benassi, Parque Res. Jundiaí, Jundiaí ",Condominio Res. Ties,6:33,ADM
Monte Serrat,"R. Presbítero Osvaldo Carnier, Parque Res. Jundiaí, Jundiaí ",Lopes Materiais de Construção,6:36,ADM
Monte Serrat,"Av. Presbítero Manoel Antônio Dias Filho, Aglomeração Urbana de Jundiaí, Jundiaí ",Adega Altas Horas - Loja 2,6:37,ADM
Monte Serrat,"Av. Presbítero Manoel Antônio Dias Filho, Aglomeração Urbana de Jundiaí, Jundiaí ",Adega Altas Horas - Loja 2,6:37,ADM
Monte Serrat,"Av. Presbítero Manoel Antônio Dias Filho, Aglomeração Urbana de Jundiaí, Jundiaí ",Hotel Maria Luiza,6:40,ADM
Monte Serrat,"R. Roberto Carlos Dias, Res. Santa Giovana, Jundiaí ",Cond. Res. Topázio,6:53,ADM
Monte Serrat,"Av. Cezar Brunholi, Res. Santa Giovana, Jundiaí ",Res. Santa Giovana,6:53,ADM
Monte Serrat,"R. Pedro Jansonis, Jardim das Tulipas, Jundiaí ",Pizzaria Tulika´s,6:57,ADM
Monte Serrat,"R. Adelino Martins, Jardim das Tulipas, Jundiaí ",Mercado Xavier,7:03,ADM
Monte Serrat,"R. Adelino Martins, Jardim das Tulipas, Jundiaí ",Drogaria Centenario,7:04,ADM
Monte Serrat,"R. Adelino Martins, Jardim das Tulipas, Jundiaí ",Mercado Deus é Fiel,7:05,ADM
Caieras ,"Rodovia Presidente Tancredo Neves , Vila Sao Joao, Caieiras ",AMBEV - CDD Norte,5:40,ADM
Caieras ,"Rod. Pres. Tancredo de Almeida Neves, Centro, Caieiras ",Ponto de Ônibus - Velódromo,5:48,ADM
Caieras ,"Av. dos Expedicionários, Companhia Fazenda Belem, Franco da Rocha ",McDonald‘s,5:49,ADM
Caieras ,"Av. dos Expedicionários, Companhia Fazenda Belem, Franco da Rocha ",Shopping Franco da Rocha,5:56,ADM
Caieras ,"R. Tiradentes, Vila Bazu, Franco da Rocha ",Shopping Franco da Rocha,5:56,ADM
Caieras ,"Av. São Paulo, Vila Bela, Franco da Rocha ",Padaria - Bazu Pães e Doces,6:04,ADM
Caieras ,"Av. Itararé, Parque Montreal, Franco da Rocha ",Escola Jocimara Vieira da Silva,6:06,ADM
Caieras ,"Av. Itararé, Parque Montreal, Franco da Rocha ",Residencial Babilonia,6:11,ADM
Caieras ,"Av. Montreal, Parque Montreal, Franco da Rocha ",Residencial Babilonia,6:11,ADM
Caieras ,"Alameda das Araucárias, Portal das Alamedas, Franco da Rocha ",Escola Sebastião Bezerra Lins,6:14,ADM
Caieras ,"Alameda das Araucárias, 535 - Portal das Alamedas, Franco da Rocha",Kabul Lanchonete,6:17,ADM
Francisco Morato ,"Av. São Paulo - Parque Paulista, Franco da Rocha",Hotel Gold Park,6:10,ADM
Francisco Morato ,"Av. São Paulo - Parque Paulista, Franco da Rocha",Ponto do Deposito Oliveira,6:13,ADM
Francisco Morato ,"Av. São Paulo - Parque Paulista, Francisco Morato",Morato Motos,6:15,ADM
Francisco Morato ,"R. Demerson Gomes Romano, Centro, Francisco Morato",Boa Supermercados,6:18,ADM
Francisco Morato ,"R. Demerson Gomes Romano, Centro, Francisco Morato",Ponto de Ônibus da Lojas Cem,6:19,ADM
Francisco Morato ,"R. João Mendes Júnior, Centro, Francisco Morato",Esplanada Móveis,6:23,ADM
Francisco Morato ,"Rod. Manoel Silverio Pinto, Belem Estacao, Francisco Morato",Ponto da Escola Celestina Valente,6:25,ADM
Francisco Morato ,"Rod. Manoel Silverio Pinto, Belem Estacao, Francisco Morato",Prefeitura de Francisco Morato,6:28,ADM
Francisco Morato ,"Rod. Manoel Silverio Pinto, Parque Morumbi, Francisco Morato",Império Multimarcas,6:29,ADM
Jardim da Lagoa,"R. Luiz Vechi, Residencial Santo Antônio II, Itupeva",Esq. Com Rua Luiz Vechi,6:10,ADM
Jardim da Lagoa,"Rod. Vice Pref. Hermenegildo Tonoli, Jardim Ana Luiza, Itupeva",Supermercados Monte Serrat,6:18,ADM
Jardim da Lagoa,"R. Francisco Cardoso da Silva, Portal da Santa Fe, Itupeva",Creche Iolanda Carlos,6:19,ADM
Jardim da Lagoa,"R. José Virillo, Portal de Santa Fe, Itupeva",Mercado Big Bom,6:21,ADM
Jardim da Lagoa,"Rua Claudina Zumstein Betelli, Portal de Santa Fe, Itupeva",Ponto de ônibus Urbano,6:22,ADM
Jardim da Lagoa,"Av. Francisco Nobre, Medeiros, Jundiaí",Mini Shopping Sarapiranga,6:31,ADM
Jardim da Lagoa,"Av. Reynaldo Porcari, Medeiros, Jundiaí",Residencial Parque da Serra,6:35,ADM
Jardim da Lagoa,"Av. Reynaldo Porcari, Medeiros, Jundiaí",Supermercado Central Medeiros,6:36,ADM
Jardim da Lagoa,"Av. Angelo Pellicciari, Parque Res. Jundiaí, Jundiaí",Esquina Com Rua Eloisa Lotierso,6:43,ADM
Jardim da Lagoa,"Av. Angelo Pellicciari, Parque Res. Jundiaí, Jundiaí",Esquina Com R. João Aparecido F. dos Santos,6:43,ADM
Jardim da Lagoa,"Av. Angelo Pellicciari, Parque Res. Jundiaí, Jundiaí",EMEB Ivo de Bona,6:46,ADM
Jardim da Lagoa,"R. Mariano Latorre, Parque Res. Almerinda Chaves, Jundiaí",Radar Lava Car,6:47,ADM
Jardim da Lagoa,"R. Domingos Roberto Schiavo, Parque Res. Almerinda Chaves, Jundiaí",Leila Bolos,6:48,ADM
Jardim da Lagoa,"Est. Mun. do Varjão, Aglomeração Urbana de Jundiaí, Jundiaí",Agro Pesca Cordeiro,6:51,ADM
Jardim da Lagoa,"Av. Carmine Todaro, Jardim Novo Horizonte, Jundiaí",Bar do Dezinho,6:53,ADM
Jardim da Lagoa,"Av. Carmine Todaro, Jardim Novo Horizonte, Jundiaí",Mercearia Paulista,6:55,ADM
Jardim da Lagoa,"Av. Henrique Brunini, Fazenda Grande, Jundiaí",Escola Marly de Marco Mendes,6:58,ADM
Jardim da Lagoa,"R. Daniel da Silva, Fazenda Grande, Jundiaí",UBS Fazenda Grande,7:01,ADM
Jardim da Lagoa,"Av. Luiz José Sereno, Jardim Ermida I, Jundiaí",Terminal Eloy Chaves - Sent. Oposto,7:06,ADM
Jardim da Lagoa,"Av. Benedicto Castilho de Andrade, Parque Res. Eloy Chaves, Jundiaí",Boa Supermercados,7:10,ADM
Jardim da Lagoa,"Av. Benedicto Castilho de Andrade, Parque Res. Eloy Chaves, Jundiaí",Ponto da Esfiha - Eloy Chaves,7:12,ADM
Figueira Branca,"Estrada Mun, Jardim Laura, Campo Limpo Paulista",Ponto de ônibus em frente Agro Vida,5:50,ADM
Figueira Branca,"Av. Integração, Jardim Laura, Campo Limpo Paulista",Deposito de Gás,5:52,ADM
Figueira Branca,"R. Tuiuiú, Maracanã, Jarinu",Fazenda Quinta dos Pinheiros,6:06,ADM
Figueira Branca,"Estr. da Figueira Branca, Chácaras Campo Limpo, Campo Limpo Paulista",Estação Telefonica,6:12,ADM
Figueira Branca,"Rua Presidente Juscelino Kubitschek, Vila Olimpia, Campo Limpo Paulista",Quadra de Areia,6:20,ADM
Figueira Branca,"R. Primeiro de Dezembro, Jardim Marsola, Campo Limpo Paulista",Foguinho Lanches,6:22,ADM
Figueira Branca,"Av. João Amato, Jardim America, Campo Limpo Paulista",Só Piso,6:24,ADM
Figueira Branca,"Av. Fernão Dias Paes Leme, Jardim Paulista, Várzea Paulista",Ponto da Prefeitura de Várzea Paulista,6:34,ADM
Figueira Branca,"R. Arnold Gut Júnior, Vila Sao Jose, Várzea Paulista",Mônica Areia e Pedra,6:37,ADM
Figueira Branca,"R. Tocantins, Jardim Mirante, Várzea Paulista",Bella Pizza Delivery,6:38,ADM
Figueira Branca,"Av. Macaúba, Jardim Mirante, Várzea Paulista",Supermercado Inova,6:40,ADM
Figueira Branca,"R. Paschoal Gianfrancesco, Vila Tupi, Várzea Paulista",,6:42,ADM
Figueira Branca,"R. Veneza, Jardim Itália, Várzea Paulista",Mercado Veneza,6:46,ADM
Figueira Branca,"R. Pádua, Jardim Itália, Várzea Paulista",Esq. Com Rua Roma,6:46,ADM
Figueira Branca,"R. Roma, Jardim Itália, Várzea Paulista",Colégio Futura,6:48,ADM
Figueira Branca,"Av. Bertioga, Vila Tupi, Várzea Paulista",X Outlet,6:49,ADM
Figueira Branca,"R. José da Silva Leme, Jardim do Lar, Várzea Paulista",Habib´s - Sent. Jundiaí,6:52,ADM
Figueira Branca,"R. Antônio Luiz Sutti, Jardim Maria de Fatima, Várzea Paulista",Lojas Cem,6:52,ADM
Figueira Branca,"Av. Fernão Dias Paes Leme, Centro, Várzea Paulista",Caedu Moda,6:54,ADM
Figueira Branca,"R. Várzea Paulista, Vila Cristo, Várzea Paulista",Igreja Catolica,6:56,ADM
Figueira Branca,"R. Várzea Paulista, Agapeama, Várzea Paulista",Academia República Fitness,6:57,ADM
Figueira Branca,"R. Várzea Paulista, Agapeama, Várzea Paulista",Supermercado Ricoy,6:59,ADM
Figueira Branca,"R. Várzea Paulista, Vila Agricola, Jundiaí",Posto Shell,7:00,ADM
Figueira Branca,"R. Várzea Paulista, Vila Agricola, Jundiaí",Paulinho Motos,7:02,ADM
Figueira Branca,"Av. União dos Ferroviários, Vila Arens, Jundiaí",Estação Ferroviária de Jundiaí,7:06,ADM
Figueira Branca,"Av. União dos Ferroviários, Vila Arens, Jundiaí",Próximo ao Supermercado Compre Bem,7:08,ADM
Figueira Branca,"Av. União dos Ferroviários, Centro, Jundiaí",Poupa Tempo,7:09,ADM
Figueira Branca,"Av Pref Luis Latorre, Retiro, Jundiaí",Hidráulica Rondi,7:15,ADM
Louveira Centro ,"R. Recife, Terra Nobre, Louveira",EM Refrigeração Ar Condicionado,6:25,ADM
Louveira Centro ,"Estr. Miguel Bossi, Vila Bossi, Louveira",Parque do Capivari,6:30,ADM
Louveira Centro ,"Av. José Niero, Centro, Louveira",Boteco do meu Rei,6:31,ADM
Louveira Centro ,"Av. José Niero, Centro, Louveira",Estação Ferroviária de Louveira - Sent. Inverso,6:34,ADM
Louveira Centro ,"Rod Ver Geraldo Dias, Jardim Currupira, Jundiaí",Ponto de Ônibus - Entrada do Corrupira,6:41,ADM
Louveira Centro ,"R. Uva Itália, Morada das Vinhas, Jundiaí",Supermercado Morada,6:46,ADM
Louveira Centro ,"R. Uva Niágara, CECAP, Jundiaí",Escola Antonio Adelino Marques,6:47,ADM
Louveira Centro ,"R. Uva Niágara, CECAP, Jundiaí",Super Dog Lanches,6:48,ADM
Louveira Centro ,"R. Uva Niágara, CECAP, Jundiaí",Debiasio Home,6:49,ADM
Louveira Centro ,"R. Ucilla Lorencini Tafarelo, Chácara São Francisco, Jundiaí",Banca da Carmen,6:50,ADM
Louveira Centro ,"R. Miguel Hilário Navarrete Sanches, Vila Marlene, Jundiaí",Cantinho da Tia Li Pizzaria,6:57,ADM
Louveira Centro ,"Av. Bento Figueiredo, Vila Marlene, Jundiaí",Posto de Gasolina Shell - Sent. Inverso,6:57,ADM
Louveira Centro ,"R. Itirapina, Vila Lacerda, Jundiaí",Praça Antonio Luiz Negri,7:02,ADM
Louveira Centro ,"R. Itirapina, Vila Lacerda, Jundiaí",Cond. Brisas Bosque Itirapina,7:02,ADM
Louveira Centro ,"R. Palmira Cervi Bárbaro, Cidade Santos Dumont, Jundiaí",Raio Baterias Jundiaí,7:07,ADM
Louveira Centro ,"Av Armando Giassetti, Engordadouro, Jundiaí",Polimix Concretos,7:13,ADM
Santo Antonio ,"R. Ângelo Beviláqua, Jardim Vista Alegre, Louveira",Praça do Mirante de Santo Antonio,6:40,ADM
Santo Antonio ,"Rua João Verardo, Jardim Vista Alegre, Louveira",Casa da Familia Hotburguer,6:43,ADM
Santo Antonio ,"Av. Ricieri Chiqueto, Centro, Louveira",Auto Escola Santo Antonio,6:46,ADM
Santo Antonio ,"R. Santo Scarance, Res. Serra Azul, Louveira",Praça Pedro Sanches,6:47,ADM
Santo Antonio ,"R. das Orquídeas, Santo Antonio, Louveira",Padaria Martins,6:49,ADM
Santo Antonio ,"R. Evaristo Cavali, Santo Antonio, Louveira",MultiDrogas,6:50,ADM
Santo Antonio ,"R. Luís Montelatto, Jardim Esmeralda, Louveira",Marcelo Tapeceiro,6:52,ADM
Santo Antonio ,"R. Antônio Bonesso, Res. Burck, Louveira",Fareva Louveira,6:54,ADM
Santo Antonio ,"Rua Martinho de Ludres, Res. Burck, Louveira",Posto de Saúde Burck,6:56,ADM
Santo Antonio ,"Av. Comendador Antônio Carbonari, Traviu, Jundiaí",Esq. Com Av. da Uva,7:07,ADM
Santo Antonio ,"Av. da Uva, Bairro do Poste, Jundiaí",Auto Posto Demarchi,7:10,ADM
Santo Antonio ,"Av. da Uva, Res. Água Doce, Jundiaí",Mercado Água Doce,7:12,ADM
Santo Antonio ,"Av. da Uva, Res. Água Doce, Jundiaí",Gran Arena- Padel Beach Club,7:14,ADM
Santo Antonio ,"Av. Prof. Pedro Clarismundo Fornari, Engordadouro, Jundiaí",Escola Divina Providencia,7:17,ADM
Santo Antonio ,"Av. Prof. Pedro Clarismundo Fornari, Engordadouro, Jundiaí",Escola Prof. Fabio Rodrigues Mendes,7:19,ADM
Santo Antonio ,"Av. Caetano Gornati, Engordadouro, Jundiaí",Hospital Unimed,7:22,ADM
Santo Antonio ,"Av. Antônio Frederico Ozanam, Engordadouro, Jundiaí",Cond. Portal das Palmeiras,7:24,ADM
Caxambu,"Av. José Mezzalira, Ivoturucaia, Jundiaí",Nipo-Tec Ferramentas Especiais,6:10,ADM
Caxambu,"R. Arcangelo Bianchini, Ivoturucaia, Jundiaí",EE Monsenhor Venerando Nalini,6:15,ADM
Caxambu,"R. Arcangelo Bianchini, Ivoturucaia, Jundiaí",Guto salão de festa,6:17,ADM
Caxambu,"R. Arcangelo Bianchini, Ivoturucaia, Jundiaí",Ponto de Onibus - Prox. a Rotatoria,6:18,ADM
Caxambu,"R. Itupeva, Jardim America IV, Várzea Paulista",Lateral do Cemitério,6:22,ADM
Caxambu,"Av. Dr. Walter Gossner, Ivoturucaia, Jundiaí",Varejão do Povo,6:24,ADM
Caxambu,"Av. Pacaembu, Jardim America III, Várzea Paulista",Supermercado Mix 1,6:26,ADM
Caxambu,"Av. Pacaembu, Jardim Paulista, Várzea Paulista",Auto Escola Jota,6:26,ADM
Caxambu,"Av. Pacaembu, Jardim Paulista, Várzea Paulista",Escola Estadual Armando Dias,6:28,ADM
Caxambu,"R. Itu, Jardim Paulista, Várzea Paulista",Lucas Bike,6:31,ADM
Caxambu,"Av. Pequerí, Jardim America III, Várzea Paulista",Auto Escola Azul,6:34,ADM
Caxambu,"Av. Tapira, Jardim America III, Várzea Paulista",Ponto de Ônibus - Edni Modas,6:35,ADM
Caxambu,"Av. Tanabi, Jardim America III, Várzea Paulista",Congregação Cristã no Brasil Jardim Paulista,6:37,ADM
Caxambu,"Rod. Dom Gabriel Paulino - Distrito Industrial, Jundiaí",Auto Posto Centenario,7:20,ADM
Cidade Nova ,"R. Guaíba, Jardim America I, Várzea Paulista",Tubolar Elétrica e Hidráulica,6:15,ADM
Cidade Nova ,"R. Itirapina, Jardim America I, Várzea Paulista",Mercado Lopes,6:18,ADM
Cidade Nova ,"R. Ricardo Aizza, Cidade Nova II, Várzea Paulista",Congregação Cristã no Brasil,6:18,ADM
Cidade Nova ,"R. José Artur Savieto, Cidade Nova, Jundiaí",Condomínio Kaza Club,6:21,ADM
Cidade Nova ,"R. Alfredo Pizzocaro, Jardim Tamoio, Jundiaí",Padaria Belém,6:24,ADM
Cidade Nova ,"R. Adamantina, Jardim Tamoio, Jundiaí",Adega S.O.S da Cerveja,6:26,ADM
Cidade Nova ,"Av. Carlos Ângelo Mathion, Jardim Tamoio, Jundiaí",Speed Chicken Assados,6:27,ADM
Cidade Nova ,"R. Prof. Frederico Ferracine, Jardim Tamoio, Jundiaí",Igreja Católica São Francisco de Assis,6:28,ADM
Cidade Nova ,"Av. Sidney Mazzoni, Vila Nambi, Jundiaí",Res. Belluno,6:29,ADM
Cidade Nova ,"R. Jussara, Vila Ruy Barbosa, Jundiaí",Escola Prof. Deolinda Copelli de Souza,6:32,ADM
Cidade Nova ,"R. São José dos Campos, Vila Ruy Barbosa, Jundiaí",Mercadinho da Familia,6:36,ADM
Cidade Nova ,"R. São José dos Campos, Vila Ruy Barbosa, Jundiaí",Res. Jardim da Conquista,6:36,ADM
Cidade Nova ,"R. Palmeira dos Índios, Vila Ruy Barbosa, Jundiaí",Praça Aurora Rodrigues de Carvalho Nivoloni,6:38,ADM
Cidade Nova ,"Av. Bento do Amaral Gurgel, Vila Nambi, Jundiaí",Veinho Lanches,6:39,ADM
Cidade Nova ,"Bento Amaral Gurgel, Vila Nambi, Jundiaí",EMEB Hilda Maria Alves Paschoalotto,6:41,ADM
Cidade Nova ,"R. Ângelo Corradini, Vila Nambi, Jundiaí",Cond. Vista Park,6:43,ADM
Cidade Nova ,"Av. dos Imigrantes Italianos, Vila Nambi, Jundiaí",Praça João Trasferetti,6:45,ADM
Cidade Nova ,"Av. dos Imigrantes Italianos, Jardim Tamoio, Jundiaí",Ponto em frente a troca de óleo - sentido terminal colonia,6:47,ADM
Cidade Nova ,"Av. dos Imigrantes Italianos, Jardim Colonia, Jundiaí",Terminal Colônia,6:49,ADM
Cidade Nova ,"R. Dr. Antenor Soares Gandra, Colônia, Jundiaí",Restaurante Familia Lopes,6:51,ADM
Cidade Nova ,"R. Dr. Antenor Soares Gandra, Jardim Pacaembu, Jundiaí",Sorveteria Zero Grau,6:53,ADM
Cidade Nova ,"R. Dr. Antenor Soares Gandra, Jardim Pacaembu, Jundiaí",Praça Francisco Mendes,6:55,ADM
Cidade Nova ,"Estr. da Boiada, Vila Rio Branco, Jundiaí",Viaduto Vila Rio Branco,7:01,ADM
Cidade Nova ,"Estr. da Boiada, Vila Rio Branco, Jundiaí",Maxi Shopping,7:03,ADM
Cidade Nova ,"R. Benvinda Del Nero, Jardim Florestal, Jundiaí",Colégio Adventista JD. Florestal,7:06,ADM
Jardim Bertioga ,"Av. Manacá, Jardim Bertioga, Várzea Paulista",Inicio da Rua das Bromélias,6:10,ADM
Jardim Bertioga ,"R. das Bromélias, Jardim Bertioga, Várzea Paulista",E.E. Profa. Lavinia Ribeiro Aranha,6:12,ADM
Jardim Bertioga ,"Av. Padre Jordan, Jardim Bertioga, Várzea Paulista",Adega La Casa de Bebidas,6:15,ADM
Jardim Bertioga ,"Av. das Lélias, Jardim Bahia, Várzea Paulista",Dubai Mercado,6:16,ADM
Jardim Bertioga ,"Rod. Pres. Tancredo de Almeida Neves, Castanho, Jundiaí",Frank Guindastes,6:21,ADM
Jardim Bertioga ,"Av. Francisco Napoleão Cid de Freitas, Jardim Santa Gertrudes, Jundiaí",Deltapharma,6:23,ADM
Jardim Bertioga ,"Av. Leonice Gualda Nunes, Jardim Santa Gertrudes, Jundiaí",Padaria Pão Nosso,6:25,ADM
Jardim Bertioga ,"R. Ricardo César Fávaro, Jardim Santa Gertrudes, Jundiaí",UBS Santa Gertrudes,6:27,ADM
Jardim Bertioga ,"R. Sen. Teotônio Brandão Viléla, Jardim Santa Gertrudes, Jundiaí",Ari Super Troca de Oleo,6:30,ADM
Jardim Bertioga ,"Rua Neider Borges, Jardim Santa Gertrudes, Jundiaí",Praça Márcio Rogério Milanesi,6:32,ADM
Jardim Bertioga ,"Rua Padre Noberto Mojola, Jardim Santa Gertrudes, Jundiaí",Millennium Supermercados,6:34,ADM
Jardim Bertioga ,"Rua Antônio Tacildo Vion, Jardim Santa Gertrudes, Jundiaí",Mercadinho 15 de Agosto,6:35,ADM
Jardim Bertioga ,"Rua Antônio Tacildo Vion, Jardim Santa Gertrudes, Jundiaí",Salão de Festa Anastácio,6:37,ADM
Jardim Bertioga ,"R. Ricardo César Fávaro, Jardim Santa Gertrudes, Jundiaí",Sorveteria Sta Gertrudes,6:38,ADM
Jardim Bertioga ,"R. Ricardo César Fávaro, Jardim Santa Gertrudes, Jundiaí",Pneus P.H.K,6:40,ADM
Jardim Bertioga ,"Av. Clemente Rosa, Vila Maringa, Jundiaí",Posto Caminho da Serra,6:45,ADM
Jardim Bertioga ,"R. Ibiporã, Vila Nova Jundiai, Jundiaí",Bom Demais Mais,6:48,ADM
Jardim Bertioga ,"R. Mauro Tôrres, Jardim Copacabana, Jundiaí",Padaria Santa Clara,6:52,ADM
Jardim Bertioga ,"R. Alexandre Vacari, Vila Maringa, Jundiaí",Academia Imperium,6:53,ADM
Jardim Bertioga ,"R. Maringá, Vila Maringa, Jundiaí",Gold Lounge e Bar,6:55,ADM
Jardim Bertioga ,"Av. Odila Azalim, Vila Francisco Eber, Jundiaí",Faculdade Anchieta,6:59,ADM
Jardim Bertioga ,"Av. Nove de Julho, Anhnagabaú, Jundiaí - Vianelo/Bonfiglioli, Jundiaí",Residencial Nove de Julho,7:04,ADM
Jardim Bertioga ,"Av. Osmundo dos Santos Pellegrini, Jardim Trevo, Jundiaí",Adecil.com,7:09,ADM
Jardim Bertioga ,"Av. Osmundo dos Santos Pellegrini, Recanto Quarto Centenario, Jundiaí",Auto Posto America de Jundiaí,7:12,ADM
Jardim Bertioga ,"Av. Amélia Latorre, Jardim Guanabara, Jundiaí",Supermercado Millenium,7:13,ADM
Jarinu,"Av. Ver. João Pedro Ferraz, Dos Ivo, Jarinu",Barril Grill,5:50,ADM
Jarinu,"Estrada Municipal Atilio Squizato, Caioçara, Jarinu",Praça do Roseiral,6:05,ADM
Jarinu,"R. Selly, Maracanã, Jarinu",Esquina com Av. Dinah de Barros,6:08,ADM
Jarinu,"Estr. Mun. Natal Lorencini - Tanque, Jarinu",Fazenda Campo Verde,6:27,ADM
Jarinu,"Av. Humberto Cereser, Jardim Caxambu, Jundiaí",Restaurante Piatti Belli,6:38,ADM
Jarinu,"Av. Comendador Antônio Borin, Jardim Caxambu, Jundiaí",Paroquia Senhor Bom Jesus Caxambu,6:41,ADM
Jarinu,"Av. Comendador Antônio Borin, Jardim Rosaura, Jundiaí",Restaurante e Mercado Vendinha do Alto,6:44,ADM
Jarinu,"Av. Comendador Antônio Borin, Jardim Rosaura, Jundiaí",Jundiaí Multimarcas,6:46,ADM
Jarinu,"R. Moacir Lopes, Jardim Caçula, Jundiaí",Restaurante Caçula,6:48,ADM
Jarinu,"Av. Giustiniano Borin, Jundiaí Mirim, Jundiaí",Condomínio Gênova,6:49,ADM
Jarinu,"Av. Giustiniano Borin, Jundiaí Mirim, Jundiaí",Ponto de Ônibus - Sent. Vila Aparecida,6:50,ADM
Jarinu,"R. Padre Romã, Jardim São Camilo, Jundiaí",Empório do Kit,6:51,ADM
Jarinu,"Av. São Camilo, Jardim São Camilo, Jundiaí",Adega Avenida,6:54,ADM
Jarinu,"R. Espírito Santo, Jardim Tarumã, Jundiaí",Supermercado Fernandes,6:56,ADM
Jarinu,"R. Rio de Janeiro, Jardim Tarumã, Jundiaí",UBS Tarumã,6:58,ADM
Jarinu,"R. Pará, Jardim Tarumã, Jundiaí",Supermercado Tarumã,7:00,ADM
Jarinu,"Av Capitão Francisco Copelli, Jardim Taruma, Jundiaí",Menor Preço Supermercado,7:02,ADM
Jarinu,"Av. Antônio Raimundo de Oliveira, Jardim California, Jundiaí",EE José Silva Junior,7:03,ADM
Jarinu,"Av Humberto Cereser, Jundiaí Mirim, Jundiaí",Posto Shell,7:05,ADM
Jarinu,"Av. Prof. Nelsom Álvaro F. Brito, Jardim Torres Sao Jose, Jundiaí",Restaurante da Fazenda,7:10,ADM
Moinho ,"Rod. Edgard Máximo Zambotto, Jardim Vista Alegre, Campo Limpo Paulista",Ponto de ônibus Urbano,5:55,ADM
Moinho ,"R. Palmeira dos Índios, Jardim Vista Alegre, Campo Limpo Paulista",Posto Cinquentão,5:58,ADM
Moinho ,"R. Maria J. Rodrigues, Jardim Santa Lucia, Campo Limpo Paulista",Supermercado São José,6:02,ADM
Moinho ,"Av. São Paulo, Jardim Santa Lucia, Campo Limpo Paulista",Vitoria Padaria,6:05,ADM
Moinho ,"Av. São Paulo, Jardim Santa Lucia, Campo Limpo Paulista",Vitoria Padaria,6:05,ADM
Moinho ,"Av. da Saudade, Jardim Guanciale, Campo Limpo Paulista",Colégio Objetivo,6:07,ADM
Moinho ,"Av. 21 de Março, Jardim das Acacias, Várzea Paulista",Lateral do Posto Progresso,6:12,ADM
Moinho ,"Av. 21 de Março, Jardim das Acacias, Várzea Paulista",3ª Companhia da Polícia Militar,6:12,ADM
Moinho ,"R. Pedro Alvares Cabral, Varzea Paulista, Várzea Paulista",Ponto de ônibus Urbano,6:13,ADM
Moinho ,"Av. dos Ipês, Jd. Promeca, Várzea Paulista",Lanches Cachorrão,6:15,ADM
Moinho ,"R. Victorio Spinucci, Jardim Promeca, Várzea Paulista",Panificadora & Confeitaria Trigal,6:16,ADM
Moinho ,"R. Victorio Spinucci, Jardim Promeca, Várzea Paulista",Panificadora JD. Promeca,6:17,ADM
Moinho ,"Av. Duque de Caxias, Jardim Paraiso, Várzea Paulista",Ponto da Estação Várzea Paulista,6:22,ADM
Moinho ,"Av. José Rabelo Portela, Jardim Maria de Fatima, Várzea Paulista",Campo de Futebol - Marajó,6:29,ADM
Moinho ,"Av. José Rabelo Portela, Jardim Maria de Fatima, Várzea Paulista",Frutão Hortifrutti,6:31,ADM
Moinho ,"Av. José Rabelo Portela, Vila Popular, Várzea Paulista",Antiga Faculdade,6:32,ADM
Moinho ,"Av. José Rabelo Portela, Vila Popular, Várzea Paulista",Caixa d‘ Agua,6:35,ADM
Moinho ,"Av. José Rabelo Portela, Vila Popular, Várzea Paulista",Aymoré Supermercados,6:35,ADM
Parque Santana ,"R. dos Monges, Parque Santana (Botujuru), Campo Limpo Paulista",Praça esq. Com Rua dos Eremitas,5:50,ADM
Parque Santana ,"R. João Julião Moreira, Vila Constanca (Botujuru), Campo Limpo Paulista",Deposito Colina,5:56,ADM
Parque Santana ,"R. João Julião Moreira, Vila Constanca (Botujuru), Campo Limpo Paulista",Sorveteira Alegria,5:57,ADM
Parque Santana ,"Av. Casa Branca, Vila Constanca (Botujuru), Campo Limpo Paulista",Escola Vereador José se Souza Charrua,5:58,ADM
Parque Santana ,"Av. Casa Branca, Vila Chacrinha, Campo Limpo Paulista",Esquina com a Rua Tito,6:00,ADM
Parque Santana ,"Av. Brasil, Jardim Europa, Campo Limpo Paulista",Escadão do Jd. Europa,6:03,ADM
Parque Santana ,"R. Holanda, Jardim Europa, Campo Limpo Paulista",Bar da Dalva,6:05,ADM
Parque Santana ,"R. Suíça, Jardim Europa, Campo Limpo Paulista",Esquina com a Rua Espanha,6:06,ADM
Parque Santana ,"Av. Antônio Di Gióia, Parque Res. California, Campo Limpo Paulista",Mello Mercado,6:10,ADM
Parque Santana ,"Av. Antônio Di Gióia, Parque Res. California, Campo Limpo Paulista",Lanches Ignes,6:10,ADM
Parque Santana ,"Estr. Bragantina, Jardim Santo Antonio I, Campo Limpo Paulista",Padaria Brunella,6:14,ADM
Parque Santana ,"Estr. Bragantina, Jardim Santo Antonio I, Campo Limpo Paulista",Padaria Santa Maria,6:15,ADM
Parque Santana ,"Estr. Bragantina, Jardim Santo Antonio I, Campo Limpo Paulista",Padaria Santa Maria,6:15,ADM
Parque Santana ,"Av. Amazonas, Parque Internacional, Campo Limpo Paulista",UBS Parque Internacional,6:17,ADM
Parque Santana ,"Av. Amazonas, Parque Internacional, Campo Limpo Paulista",Escola Georgina Helena Fortarel,6:17,ADM
Parque Santana ,"Av. Amazonas, Parque Internacional, Campo Limpo Paulista",Escadão do Parque Internacional,6:20,ADM
Parque Santana ,"R. Rafael Zulli, Jardim Santo Antonio II, Campo Limpo Paulista",Santa Fé Supermercados,6:22,ADM
Parque Santana ,"Avenida Alfried Krupp, Jardim Europa, Campo Limpo Paulista",Sabesp,6:24,ADM
Parque Santana ,"Rua Uruguai, Campo Limpo Paulista",Ponto de Ônibus,6:26,ADM
Parque Santana ,"Av. dos Emancipadores, Jardim Paulista, Campo Limpo Paulista",Posto de Combustível Br Mania,6:28,ADM
Vila Popular ,"R. Pindaré, Parque Guarani, Várzea Paulista",Igreja Católica,6:25,ADM
Vila Popular ,"R. Tanque Velho, Vila Iguacu, Várzea Paulista",Fornecedora Indaiá,6:26,ADM
Vila Popular ,"R. Ararí, Parque Guarani, Várzea Paulista",Auto Posto CVT,6:28,ADM
Vila Popular ,"Av. José Rabelo Portela, Jardim Maria de Fatima, Várzea Paulista",Esquina KSB,6:29,ADM
Vila Popular ,"R. Isidoro Cantídio do Nascimento, Vila Esperanca, Várzea Paulista",Marchesin Baterias,6:32,ADM
Vila Popular ,"R. Mathias Mucha, Vila Didi, Várzea Paulista",Esquina com a Av. Nações Unidas,6:33,ADM
Vila Popular ,"R. Elizia Machado Benassi, Jardim do Lago, Jundiaí",Residencial Orquídea,6:36,ADM
Vila Popular ,"R. Elizia Machado Benassi, Jardim do Lago, Jundiaí",Residencial Magnólia,6:37,ADM
Vila Popular ,"R. Pedro Kramer, Parque Cidade Jardim II, Jundiaí",Autobochio,6:40,ADM
Vila Popular ,"R. Rachid Jorge Cury, Jardim do Lago, Jundiaí",Auto Eletrica GT,6:42,ADM
Vila Popular ,"Av. Samuel Martins, Jardim do Lago, Jundiaí",Teimosão Lanches,6:44,ADM
Vila Popular ,"Av. Samuel Martins, Jardim do Lago, Jundiaí",Forte Auto Mecânica,6:45,ADM
Vila Popular ,"Av. Samuel Martins, Vila Progresso, Jundiaí",Balioni Papelaria,6:47,ADM
Vila Popular ,"Av. Samuel Martins, Vila Progresso, Jundiaí",Hot Dog Brasil,6:48,ADM
Vila Popular ,"Rua Cica, Vila Garcia, Jundiaí",Telha Norte,6:53,ADM
Vila Popular ,"R. José Gáspari Sobrinho, Vila Vianelo, Jundiaí",Bella Brinquedos,6:55,ADM
Vila Popular ,"R 23 de Maio, Vianelo, Jundiaí",Ponto da Praça Francisco Fernandes Pessolano,7:00,ADM
Vila Popular ,"Av. Jundiaí, Anhangabaú, Jundiaí",Ponto de Ônibus - em cima do viaduto,7:04,ADM
Vila Popular ,"Av. Jundiaí, Anhangabaú, Jundiaí",Bella Capri Pizzaria,7:07,ADM
Botujuru,"R. João Bizeto, Botujuru (Botujuru), Campo Limpo Paulista",Terminal Botujuru,6:10,ADM
Botujuru,"R. Bela Vista, Botujuru (Botujuru), Campo Limpo Paulista",Estação Ferroviaria Botujuru,6:12,ADM
Botujuru,"Estr. Faustino Bizeto, Botujuru (Botujuru), Campo Limpo Paulista",Higa Eventos,6:15,ADM
Botujuru,"Estr. Faustino Bizeto, Botujuru (Botujuru), Campo Limpo Paulista",Auto Posto Tic Toc,6:16,ADM
Botujuru,"R. Aníbal Lopes da Fonseca, Jardim Campo Limpo, Campo Limpo Paulista",UBS Central,6:20,ADM
Botujuru,"Avenida Alfried Krupp, Jardim Europa, Campo Limpo Paulista",Ponto de Onibus - em Frente ao terminal,6:22,ADM
Botujuru,"Av. Paraibuna, Jardim América, Várzea Paulista",Ponto de Onibus Supermercado Dinho,6:33,ADM
Botujuru,"R. Barretos, Jardim America II, Várzea Paulista",CT Antonio SIlva,6:34,ADM
Botujuru,"Rua Irerê, Jardim America II, Várzea Paulista",Caixa D´Agua,6:37,ADM
Botujuru,"Rua Irerê, Jardim America II, Várzea Paulista",Agropet Cristal,6:39,ADM
Botujuru,"Rua Jaboti, Jardim America II, Várzea Paulista",Panificadora Maná,6:40,ADM
Botujuru,"R. Armando Reali - Jardim Novo Mundo, Várzea Paulista",Mercado Tradição - Lateral,6:43,ADM
Botujuru,"R. Marabá, Jardim America I, Várzea Paulista",Mercado Rama,6:45,ADM
Botujuru,"Av. Antônio Frederico Ozanan, Jardim Shangai, Jundiaí",Ponto de Onibus Vista Park - (Marginal),6:53,ADM
Botujuru,"Av. Antônio Frederico Ozanan, Jardim Shangai, Jundiaí",ALLP Fit Academia,6:57,ADM
Botujuru,"Av. Antônio Frederico Ozanan, Jardim Shangai, Jundiaí ",Nissan Dahruj Jundiaí,6:57,ADM
Botujuru,"Av. Antônio Frederico Ozanan, Vila Rio Branco, Jundiaí",Ponto de Onibus em baixo do Viaduto,7:01,ADM
Botujuru,"Av. Antônio Frederico Ozanan, Vila Rio Branco, Jundiaí",Ponto de Ônibus - Maxi Shopping,7:03,ADM
Botujuru,"R. Tiradentes, Jardim Florestal, Jundiaí",Emporio Ki Barato,7:05,ADM
Linha 01 - Colina do Pontal ,"R. Águas da Prata, Vila Constanca (Botujuru), Campo Limpo Paulista",KJ Mini Mercado e Padaria,4:00,T1
Linha 01 - Colina do Pontal ,"R. Águas de Lindóia, Vila Chacrinha, Campo Limpo Paulista",Escola Mun. Vila Constança,4:04,T1
Linha 01 - Colina do Pontal ,"R. Bauru, Parque Loja da China, Campo Limpo Paulista",Esquina com a Rua Descalvado,4:05,T1
Linha 01 - Colina do Pontal ,"Rua João Julião Moreira, Vila Constanca (Botujuru), Campo Limpo Paulista",Deposito Colina,4:10,T1
Linha 01 - Colina do Pontal ,"R. João Julião Moreira, Vila Constanca (Botujuru), Campo Limpo Paulista",Sorveteira Alegria,4:10,T1
Linha 01 - Colina do Pontal ,"R. Visc. de Taunay, Botujuru (Botujuru), Campo Limpo Paulista",Esquina com a Rua Visconde de Taunay,4:13,T1
Linha 01 - Colina do Pontal ,"Av. Antônio Di Gióia, Parque Res. California, Campo Limpo Paulista",Condomínio Los Angeles,4:17,T1
Linha 01 - Colina do Pontal ,"Estr. Bragantina, Jardim Santo Antonio I, Campo Limpo Paulista",Padaria Brunella,4:22,T1
Linha 01 - Colina do Pontal ,"Estr. Bragantina, Jardim Santa Maria, Campo Limpo Paulista",Padaria Santa Maria,4:23,T1
Linha 01 - Colina do Pontal ,"Av. Amazonas, Parque Internacional, Campo Limpo Paulista",Escola Georgina Helena Fortarel,4:24,T1
Linha 01 - Colina do Pontal ,"Av. Amazonas, Parque Internacional, Campo Limpo Paulista",Ponto de Ônibus do escadão,4:26,T1
Linha 01 - Colina do Pontal ,"Estr. Bragantina, Jardim Santo Antonio I, Campo Limpo Paulista",Supermercado Santa Fé,4:29,T1
Linha 01 - Colina do Pontal ,"Avenida Alfried Krupp, Jardim Europa, Campo Limpo Paulista",Hospital de Clínicas,4:30,T1
Linha 01 - Colina do Pontal ,"Rua Uruguai, Jardim Santa Catarina, Campo Limpo Paulista",Ponto da Entrada do Santa Catarina,4:32,T1
Linha 01 - Colina do Pontal ,"Av. dos Emancipadores, Jardim Paulista, Campo Limpo Paulista",Posto de Combustível BR,4:33,T1
Linha 01 - Colina do Pontal ,"R. Francisco Miguel, Centro, Campo Limpo Paulista",Escola Dr. Francisco Monlevade,4:36,T1
Linha 01 - Colina do Pontal ,"R. Campos Salles, Vila Tavares, Campo Limpo Paulista",Praça dos Estudantes,4:37,T1
Linha 01 - Colina do Pontal ,"R. Maria J. Rodrigues, Jardim Santa Lucia, Campo Limpo Paulista",Supermercado São José,4:39,T1
Linha 01 - Colina do Pontal ,"Av. São Paulo, Jardim Santa Lucia, Campo Limpo Paulista",Padaria Vitória,4:41,T1
Linha 01 - Colina do Pontal ,"Av. da Saudade, Jardim Guanciale, Campo Limpo Paulista",Cemitério Municipal de Campo Limpo Paulista,4:44,T1
Linha 01 - Colina do Pontal ,"Av. 21 de Março, Jardim das Acacias, Várzea Paulista",Atras do Posto Progresso,4:47,T1
Linha 01 - Colina do Pontal ,"R. Victorio Spinucci, Jardim Santa Lucia, Várzea Paulista",Panificadora & Confeitaria Trigal,4:49,T1
Linha 01 - Colina do Pontal ,"R. Victorio Spinucci, Jardim Promeca, Várzea Paulista",Escola Dirce Pedroso de Souza,4:52,T1
Linha 01 - Colina do Pontal ,"Av. Antônio Frederico Ozanan, Jardim Shangai, Jundiaí",Ponto de Ônibus - Prox. ao Vista Park,5:03,T1
Linha 02 - Várzea Paulista ,"R. Várzea Paulista, Vila M Genoveva, Jundiaí",Crystal Informatica,4:10,T1
Linha 02 - Várzea Paulista ,"Avenida Fernão Dias Paes Leme , Vila Santa Terezinha, Várzea Paulista",Lucena Veículos,4:12,T1
Linha 02 - Várzea Paulista ,"Av. Fernão Dias Paes Leme, Vila Santa Terezinha, Várzea Paulista",Coopercica,4:13,T1
Linha 02 - Várzea Paulista ,"Av. Fernão Dias Paes Leme, Centro, Várzea Paulista ",Lojas Cem,4:15,T1
Linha 02 - Várzea Paulista ,"R. Arnold Gut Júnior, Vila Sao Jose, Várzea Paulista ",Ponto de Ônibus da Escola José Pedro Musseli,4:18,T1
Linha 02 - Várzea Paulista ,"R. Carioba, Jardim Mirante, Várzea Paulista ",Igreja O Brasil Para Cristo,4:20,T1
Linha 02 - Várzea Paulista ,"Av. Macaúba, Jardim Mirante, Várzea Paulista ",Supermercado Inova,4:21,T1
Linha 02 - Várzea Paulista ,"R. Paschoal Gianfrancesco, Vila Tupi, Várzea Paulista ",Igreja Batista Oikós,4:22,T1
Linha 02 - Várzea Paulista ,"R. Paschoal Gianfrancesco, Vila Tupi, Várzea Paulista ",Colégio Futura Anglo,4:25,T1
Linha 02 - Várzea Paulista ,"R. Agapantos, Jardim Bertioga, Várzea Paulista ",Frutão Vila Popular,4:26,T1
Linha 02 - Várzea Paulista ,"Av. Padre Jordan, Jardim Bertioga, Várzea Paulista ",Adega La Casa de Bebidas,4:28,T1
Linha 02 - Várzea Paulista ,"R. das Alocácias, Jardim Bertioga, Várzea Paulista ",Escola Lavinia Ribeiro Aranha,4:29,T1
Linha 02 - Várzea Paulista ,"R. Das Antúrias, Jardim Bertioga, Várzea Paulista ",Mercado Pratick,4:33,T1
Linha 02 - Várzea Paulista ,"R. José Rabelo Portela, Jardim Bertioga, Várzea Paulista ",Supermercado Millenium,4:34,T1
Linha 02 - Várzea Paulista ,"Av. José Rabelo Portela, Vila Indaiá, Várzea Paulista ",Aymoré Supermercados,4:35,T1
Linha 02 - Várzea Paulista ,"R. Vítor Marcelo de Castro, Jardim do Lago, Jundiaí ",Residencial Jasmim,4:36,T1
Linha 02 - Várzea Paulista ,"R. Pedro Kramer, Parque Cidade Jardim II, Jundiaí ",Mecânica Autobochio,4:39,T1
Linha 02 - Várzea Paulista ,"R. Rachid Jorge Cury, Jardim do Lago, Jundiaí ",Ponto de Ônibus sent. Av. Samuel Martins,4:41,T1
Linha 02 - Várzea Paulista ,"Av. Samuel Martins, Vila Progresso, Jundiaí ",Tigervel Multimarcas,4:43,T1
Linha 02 - Várzea Paulista ,"R. Ibiporã, Vila Nova Jundiai, Jundiaí ",Mercado Bom Preço,4:53,T1
Linha 02 - Várzea Paulista ,"R. José Francisco Panzoldo, Vila Nova Jundiainopolis, Jundiaí ",Padaria do Gordão,4:55,T1
Linha 02 - Várzea Paulista ,"Av. Odila Azalim, Vila Francisco Eber, Jundiaí ",Ponto de Ônibus do Res. Anchieta,4:59,T1
Linha 02 - Várzea Paulista ,"Av. Osmundo dos Santos Pellegrini, Jardim Trevo, Jundiaí ",Adecil.com,5:04,T1
Linha 02 - Várzea Paulista ,"Av. Osmundo dos Santos Pellegrini, Recanto Quarto Centenario, Jundiaí ",BOA Supermercados,5:06,T1
Linha 02 - Várzea Paulista ,"Av. Antônio Pincinato, Recanto Quarto Centenario, Jundiaí ",Padaria Pão D´oro,5:08,T1
Linha 03 - Franco da Rocha,"Av. dos Expedicionários - Companhia Fazenda Belem, Franco da Rocha",Lojas Cem,4:10,T1
Linha 03 - Franco da Rocha,"R. Basílio Fazzi - Vila Artur Sestini, Franco da Rocha",Lojas KLK - Kabler,4:15,T1
Linha 03 - Franco da Rocha,"R. Benedito Fagundes Marques, Franco da Rocha",Posto Zebrinha,4:17,T1
Linha 03 - Franco da Rocha,"Rua Tiradentes - Vila Bazu, Franco da Rocha",Padaria Bazú Pães e Doces,4:19,T1
Linha 03 - Franco da Rocha,"Av. São Paulo - Parque Paulista, Franco da Rocha",Hotel Gold Park,4:23,T1
Linha 03 - Franco da Rocha,"Av. São Paulo - Vila Suíça, Francisco Morato",Academia Golden Fit,4:27,T1
Linha 03 - Franco da Rocha,"R. Demerson Gomes Romano - Centro, Francisco Morato",Ponto antes da Lojas Cem,4:31,T1
Linha 03 - Franco da Rocha,"R. João Mendes Júnior - Jardim Prof. Francisco Morato, Francisco Morato",Esplanada Móveis,4:34,T1
Linha 03 - Franco da Rocha,"Rod. Manoel Silvério Pinto - Belem Estacao, Francisco Morato",Hospital Estadual de Francisco Morato - Lacaz,4:37,T1
Linha 03 - Franco da Rocha,"Rod. Manoel Silvério Pinto - Parque Climateric Rolland, Francisco Morato",Prefeitura Municipal de Francisco Morato,4:39,T1
Linha 03 - Franco da Rocha,"Rod. Manoel Silvério Pinto - Jardim dos Bandeirantes, Franco da Rocha",Federzoni Casa & Construção,4:40,T1
Linha 03 - Franco da Rocha,"Av. Francisco Napoleão Cid de Freitas - Jardim Santa Gertrudes, Jundiaí",Posto de Gasolina Ipiranga,4:59,T1
Linha 03 - Franco da Rocha,"R. Ricardo César Fávaro - Jardim Santa Gertrudes, Jundiaí",Padaria Farias,5:03,T1
Linha 04 - Itupeva ,"R. Geraldo Ferraz - Monte Serrat, Itupeva",Caixa D‘água,3:55,T1
Linha 04 - Itupeva ,"R. de Março - Morro Alto, Itupeva",Rodoviária de Itupeva,4:06,T1
Linha 04 - Itupeva ,"R. Emancipadores do Município - Do Pinherinho, Itupeva",Latorre Pizzaria,4:08,T1
Linha 04 - Itupeva ,"Rod. Vice Pref. Hermenegildo Tonoli - Jardim Ana Luiza, Itupeva",Supermercado Monte Serrat,4:11,T1
Linha 04 - Itupeva ,"Av. Luiza Ferreira Pacheco Stella - Jardim Samambaia, Itupeva",Lateral do Parque da Cidade,4:16,T1
Linha 04 - Itupeva ,"Av. Emílio Chechinato - Chácara Paraíso, Itupeva",Bosal,4:22,T1
Linha 04 - Itupeva ,"Av. Francisco Nobre, Medeiros, Jundiaí - Jardim Carolina, Jundiaí",Mini Shopping Sarapiranga,4:34,T1
Linha 04 - Itupeva ,"Av. Francisco Nobre - Medeiros, Jundiaí",Senna Pizzaria,4:35,T1
Linha 04 - Itupeva ,"Av. José Benassi Jundiaí - Parque Res. Jundiaí, Jundiaí",Condomínio Gaivotas,4:44,T1
Linha 04 - Itupeva ,"Av. Eunice Cavalcante de Souza Queiroz - Parque Res. Jundiaí, Jundiaí",Residencial Supermercados,4:46,T1
Linha 04 - Itupeva ,"Av. Eunice Cavalcante de Souza Queiroz - Parque Res. Jundiaí, Jundiaí",Escola Rola Bola,4:47,T1
Linha 04 - Itupeva ,"Av. Eunice Cavalcante de Souza Queiroz - Parque Res. Jundiaí, Jundiaí",Casa de Carnes Bonança,4:48,T1
Linha 04 - Itupeva ,"Av. Prof. Raymundo Faggiano - Parque Res. Almerinda Chaves, Jundiaí",Super V Supermercados,4:50,T1
Linha 04 - Itupeva ,"Av. Pastor Francesco Ciaramella - Parque Res. Almerinda Chaves, Jundiaí",Ponto de Ônibus Urbano,4:53,T1
Linha 04 - Itupeva ,"Av. Pastor Francesco Ciaramella - Parque Res. Almerinda Chaves, Jundiaí",Ponto de Ônibus Urbano,4:53,T1
Linha 04 - Itupeva ,"Estr. Municipal Do Varjão, Jundiaí - Jardim Novo Horizonte",Mercado Monteiro,4:56,T1
Linha 04 - Itupeva ,"Av. Carmine Todaro - Jardim Novo Horizonte, Jundiaí",Bn Silva Materiais para Construção,4:57,T1
Linha 04 - Itupeva ,"Av. Carmine Todaro - Jardim Novo Horizonte, Jundiaí",Borracharia do Tatu,5:00,T1
Linha 04 - Itupeva ,"R. Daniel da Silva - Fazenda Grande, Jundiaí",UBS Fazenda Grande,5:04,T1
Linha 04 - Itupeva ,"R. Nancy Carlota Netto, Aeroporto, Jundiaí - Parque Eloy Chaves, Jundiaí",Covabra,5:07,T1
Linha 04 - Itupeva ,"R. Romeu Seckler Machado - Jardim Ermida II, Jundiaí",Coopercica,5:08,T1
Linha 04 - Itupeva ,"Av. Luiz José Sereno - Parque Eloy Chaves, Jundiaí",Fávaro Materiais para Construção,5:09,T1
Linha 04 - Itupeva ,"Av. Antônio Pincinato - Recanto Quarto Centenario, Jundiaí",Hortifruti Kalimera,5:18,T1
Linha 05 - Ivoturucaia ,"Estr. de Ivoturucaia - Ivoturucaia, Jundiaí",Esquina com a Rua das Peras (Divisa com Campo Limpo),4:15,T1
Linha 05 - Ivoturucaia ,"Av. José Mezzalira - Ivoturucaia, Jundiaí",Ponto de Ônibus do Radar,4:17,T1
Linha 05 - Ivoturucaia ,"R. Itupeva - Jardim America IV, Várzea Paulista",Lateral Cemitério,4:23,T1
Linha 05 - Ivoturucaia ,"Av. Dr. Walter Gossner - Ivoturucaia, Jundiaí",Varejão do Povo,4:25,T1
Linha 05 - Ivoturucaia ,"Av. Pacaembu - Jardim America III, Várzea Paulista",STUDIO A Academia,4:26,T1
Linha 05 - Ivoturucaia ,"Av. Pacaembu - Jardim Paulista, Várzea Paulista",Escola Estadual Armando Dias,4:29,T1
Linha 05 - Ivoturucaia ,"R. Itu - Jardim Paulista, Várzea Paulista",Café com Amor,4:32,T1
Linha 05 - Ivoturucaia ,"Av. Tanabi - Jardim America III, Várzea Paulista",Igreja Congregação Cristã do Brasil,4:32,T1
Linha 05 - Ivoturucaia ,"Av. Ouricuri - Jardim America III, Várzea Paulista",Mineirinho Gás,4:33,T1
Linha 05 - Ivoturucaia ,"R. Sambaiba - Jardim America II, Várzea Paulista",Esq. com AV. Tapira,4:35,T1
Linha 05 - Ivoturucaia ,"R. Nipoã - Jardim America II, Várzea Paulista",Mercado Aliança,4:36,T1
Linha 05 - Ivoturucaia ,"Rua Irerê - Jardim America II, Várzea Paulista",Agropet Cristal,4:37,T1
Linha 05 - Ivoturucaia ,"Rua Irerê - Jardim America II, Várzea Paulista",Caixa D‘água,4:38,T1
Linha 05 - Ivoturucaia ,"R. Orós - Jardim America II, Várzea Paulista",Esquina com a Rua Barretos,4:40,T1
Linha 05 - Ivoturucaia ,"R. Barretos - Jardim Novo Mundo, Várzea Paulista",Até entrada do Jardim novo Mundo (Mercado Tradição),4:41,T1
Linha 05 - Ivoturucaia ,"R. João de Barro - Cidade Nova II, Várzea Paulista",Pizzaria deguste,4:44,T1
Linha 05 - Ivoturucaia ,"R. Ricardo Aizza - Cidade Nova II, Várzea Paulista",Congregação Cristã do Brasil,4:45,T1
Linha 05 - Ivoturucaia ,"R. Itirapina - Jardim America I, Várzea Paulista",Ponto de Ônibus Urbano,4:47,T1
Linha 05 - Ivoturucaia ,"R. Guaíba - Jardim America I, Várzea Paulista",Tubolar Elétrictubolar Elétrica E Hidráulicaa E Hidráulica,4:48,T1
Linha 05 - Ivoturucaia ,"Av. Paraibuna - Jardim America I, Várzea Paulista",Dinho Supermercados,4:50,T1
Linha 05 - Ivoturucaia ,"Av. Antônio Frederico Ozanan - Jardim Shangai, Jundiaí",Ponto de Ônibus da antiga Fidelity,4:57,T1
Linha 05 - Ivoturucaia ,"R. Santa Maria - Pte. Sao Joao, Jundiaí",Mercado Oxxo,5:00,T1
Linha 05 - Ivoturucaia ,"Av. Luiz Zorzetti - Pte. Sao Joao, Jundiaí",Ponto de Ônibus Urbano,5:02,T1
Linha 05 - Ivoturucaia ,"R. Dino - Vila Joana, Jundiaí",Congregação Cristã no Brasil - Ponte São João,5:04,T1
Linha 05 - Ivoturucaia ,"R José Belesso Vila Caodaglio, Jundiaí",Centro Automotivo Amaral Pneus,5:05,T1
Linha 05 - Ivoturucaia ,"Av. Antônio Frederico Ozanam, Jardim Shangai, Jundiaí",Posto Shell,5:08,T1
Linha 05 - Ivoturucaia ,"Av. Antônio Frederico Ozanam, Hortolândia, Jundiaí",Ponto do Jardim Botanico,5:11,T1
Linha 05 - Ivoturucaia ,"Av. Armando Giassetti - Engordadouro, Jundiaí",Unip,5:17,T1
Linha 05 - Ivoturucaia ,"Rod. Dom Gabriel Paulino Bueno Couto, Distrito Industrial, Jundiaí",Posto Centenário,5:19,T1
Linha 06 - Louveira ,"R. Armando Steck - Centro, Louveira, Louveira ",Ponto em frente a estação de Louveira Sentido Vinhedo,4:10,T1
Linha 06 - Louveira ,"R. Recife, Terra Nobre, Louveira ",Esquina com Rua Fortaleza,4:17,T1
Linha 06 - Louveira ,"R. Antônio Bonesso - Santo Antonio, Louveira",Fareva Louveira,4:23,T1
Linha 06 - Louveira ,"R. Evaristo Cavali, Jardim Esmeralda, Louveira ",MultiDrogas,4:24,T1
Linha 06 - Louveira ,"R. das Rosas, Jardim Lago Azul, Louveira ",Casa de Cultura,4:26,T1
Linha 06 - Louveira ,"R. Santo Scarance - Res. Serra Azul, Louveira",Praça Pedro Sanches,4:28,T1
Linha 06 - Louveira ,"R. Mario Betti - Jardim Vista Alegre, Louveira",UBS Vista Alegre,4:32,T1
Linha 06 - Louveira ,"R. Pedro Chicalhone - Jardim Diamante, Louveira",Vai de Smash - Hamburgueria Louveira,4:33,T1
Linha 06 - Louveira ,"R. João Pagotto - Aglomeração Urbana de Jundiaí, Louveira",Açougue Boi do Forte Sto Antônio,4:34,T1
Linha 06 - Louveira ,"Av. José Laércio Beviláqua - Irmãos Chiquetto, Louveira",Fármacia / Drogaria Brasil Louveira,4:36,T1
Linha 06 - Louveira ,"Av da Uva - Res. Água Doce, Jundiaí",Mercado Água Doce,4:48,T1
Linha 06 - Louveira ,"R. Adelino Martins - Jd das Tulipas, Jundiai",Mercado Xavier,4:59,T1
Linha 06 - Louveira ,"R. Adelino Martins - Jd das Tulipas, Jundiai",Igreja Universal,5:01,T1
Linha 06 - Louveira ,"R. Adelino Martins - Jd das Tulipas, Jundiai",Fernandes Gás,5:04,T1
Linha 07 - Cidade Nova ,"R. Florindo Zambon, Cidade Nova, Jundiaí ",Mercado Flores,4:10,T1
Linha 07 - Cidade Nova ,"Av. Atibaia, Jardim Tamoio, Jundiaí ",Ponto da Praça Pedro Bonomi,4:12,T1
Linha 07 - Cidade Nova ,"R. Adamantina, Jardim Tamoio, Jundiaí ",Padaria Belém,4:13,T1
Linha 07 - Cidade Nova ,"R. Carlos Humel Guimarães, Jardim Tamoio, Jundiaí ",Ponto da Escola Vereador João Batista Toledo,4:15,T1
Linha 07 - Cidade Nova ,"R. Palmeira dos Índios, Vila Ruy Barbosa, Jundiaí ",Ponto de Ônibus Urbano,4:16,T1
Linha 07 - Cidade Nova ,"Av. Bento do Amaral Gurgel, Vila Nambi, Jundiaí ",Farmácia Estrela,4:18,T1
Linha 07 - Cidade Nova ,"Av. Bento do Amaral Gurgel, Vila Nambi, Jundiaí ",Escola Hilda Maria Alves Paschoalotto,4:19,T1
Linha 07 - Cidade Nova ,"R. Ângelo Corradini, Vila Nambi, Jundiaí ",Ponto da Escola Janet Ferreira Prado,4:21,T1
Linha 07 - Cidade Nova ,"R. Ângelo Corradini 400 , Vila Nambi, Jundiaí ",Condomínio Vista Park,4:21,T1
Linha 07 - Cidade Nova ,"Av. dos Imigrantes Italianos, Núcleo Colonial Barao de Jundiaí, Jundiaí ",Terminal Colônia,4:27,T1
Linha 07 - Cidade Nova ,"Av. Giustiniano Borin, Caxambu, Jundiaí ",Padaria Conquista,4:31,T1
Linha 07 - Cidade Nova ,"Av. Giustiniano Borin, Jundiaí Mirim, Jundiaí ",Condomínio Gênova,4:31,T1
Linha 07 - Cidade Nova ,"R. Padre Romã, Jardim São Camilo, Jundiaí ",Emporio do Kit,4:33,T1
Linha 07 - Cidade Nova ,"Av. São Camilo, Jardim Sao Camilo, Jundiaí ",Ponto de Ônibus Urbano,4:35,T1
Linha 07 - Cidade Nova ,"R. Espírito Santo, Jardim Tarumã, Jundiaí ",Igreja Congregração Cristã do Brasil,4:37,T1
Linha 07 - Cidade Nova ,"R. Rio de Janeiro, Jardim Tarumã, Jundiaí ",Mundo Pet Casa de Ração,4:38,T1
Linha 07 - Cidade Nova ,"R. Pará, Jardim Tarumã, Jundiaí ",Supermercado Tarumã,4:40,T1
Linha 07 - Cidade Nova ,"Av. Capitão Francisco Copelli, Jardim Tarumã, Jundiaí ",Menor Preço Supermercado,4:43,T1
Linha 07 - Cidade Nova ,"Av. Humberto Cereser, Jundiaí Mirim, Jundiaí ",Posto Jundiaí Mirim,4:45,T1
Linha 07 - Cidade Nova ,"Rod. Ver Geraldo Dias, Parque Centenário, Jundiaí ",Rotatória Terra da Uva,4:54,T1
Linha 07 - Cidade Nova ,"Av. André Costa, Chácara Morada Mediterrânea, Jundiaí ",Supermercado Morada,4:56,T1
Linha 07 - Cidade Nova ,"R. Uva Niágara, CECAP, Jundiaí ",Gastaldo Lanchonete,4:59,T1
Linha 07 - Cidade Nova ,"R. Miguel Hilário Navarrete Sanches, Vila Marlene, Jundiaí ",Ponto de Ônibus Urbano,5:06,T1
Linha 07 - Cidade Nova ,"R. Palmira Cervi Bárbaro, Cidade Santos Dumont, Jundiaí ",Trigo Fino Pizzaria,5:08,T1
Linha 07 - Cidade Nova ,"R. Itirapina, Vila Lacerda, Jundiaí ",Carecas Bar,5:11,T1
Linha 07 - Cidade Nova ,"R. Dr. Benedito de Godói Ferraz, Jardim Shangai, Jundiaí ",Condomínio Residencial Hortolândia III,5:13,T1
Linha 07 - Cidade Nova ,"Av. Pref. Luis Latorre, Retiro, Jundiaí ",Churrascaria da fazenda,5:15,T1
Linha 07 - Cidade Nova ,"Av Armando Giassetti, Engordadouro, Jundiaí ",Polimix Concretos,5:18,T1
Linha 07 - Cidade Nova ,"Rod. Dom Gabriel Paulino Bueno Couto, Distrito Industrial, Jundiaí ",Posto Centenário,5:21,T1
Linha 01 - Colina do Pontal ,"R. Águas da Prata, Vila Constanca (Botujuru), Campo Limpo Paulista",KJ Mini Mercado e Padaria,12:00,T2
Linha 01 - Colina do Pontal ,"R. Águas de Lindóia, Vila Chacrinha, Campo Limpo Paulista",Escola Mun. Vila Constança,12:05,T2
Linha 01 - Colina do Pontal ,"R. Bauru, Parque Loja da China, Campo Limpo Paulista",Esquina com a Rua Descalvado,12:06,T2
Linha 01 - Colina do Pontal ,"R. João Julião Moreira, Vila Constanca (Botujuru), Campo Limpo Paulista",Deposito Colina,12:09,T2
Linha 01 - Colina do Pontal ,"R. João Julião Moreira, Vila Constanca (Botujuru), Campo Limpo Paulista",Sorveteira Alegria,12:10,T2
Linha 01 - Colina do Pontal ,"Av. Casa Branca - Vila Chacrinha, Campo Limpo Paulista",Esquina com a Rua Tito,12:13,T2
Linha 01 - Colina do Pontal ,"R. Rio Camanducaia - Jardim Santo Antonio II, Campo Limpo Paulista",Esq. Com Av. Antonio Di Gioia,12:17,T2
Linha 01 - Colina do Pontal ,"Av. Antônio Di Gióia, Parque Res. California, Campo Limpo Paulista",Condomínio Los Angeles,12:18,T2
Linha 01 - Colina do Pontal ,"Estr. Bragantina, Jardim Santo Antonio I, Campo Limpo Paulista",Padaria Brunella,12:22,T2
Linha 01 - Colina do Pontal ,"Estr. Bragantina, Jardim Santa Maria, Campo Limpo Paulista",Padaria Santa Maria,12:24,T2
Linha 01 - Colina do Pontal ,"Av. Amazonas, Parque Internacional, Campo Limpo Paulista",Escola Georgina Helena Fortarel,12:25,T2
Linha 01 - Colina do Pontal ,"Av. Amazonas, Parque Internacional, Campo Limpo Paulista",Ponto de Ônibus do escadão,12:27,T2
Linha 01 - Colina do Pontal ,"Estr. Bragantina, Jardim Santo Antonio I, Campo Limpo Paulista",Supermercado Santa Fé,12:28,T2
Linha 01 - Colina do Pontal ,"Av. Alfried Krupp, Jardim Europa, Campo Limpo Paulista",Hospital de Clínicas,12:32,T2
Linha 01 - Colina do Pontal ,"Av. dos Emancipadores, Jardim Paulista, Campo Limpo Paulista",Posto de Combustível BR,12:34,T2
Linha 01 - Colina do Pontal ,"R. Francisco Miguel, Centro, Campo Limpo Paulista",Escola Dr. Francisco Monlevade,12:36,T2
Linha 01 - Colina do Pontal ,"R. Campos Salles, Vila Tavares, Campo Limpo Paulista",Praça dos Estudantes,12:37,T2
Linha 01 - Colina do Pontal ,"R. Maria J. Rodrigues, Jardim Santa Lucia, Campo Limpo Paulista",Supermercado São José,12:40,T2
Linha 01 - Colina do Pontal ,"Av. São Paulo, Jardim Santa Lucia, Campo Limpo Paulista",Padaria Vitória,12:42,T2
Linha 01 - Colina do Pontal ,"Av. da Saudade, Jardim Guanciale, Campo Limpo Paulista",Cemitério Municipal de Campo Limpo Paulista,12:44,T2
Linha 01 - Colina do Pontal ,"Av. Duque de Caxias - Sítio do Moinho, Várzea Paulista",Ricassu Restaurantes,12:47,T2
Linha 01 - Colina do Pontal ,"Rod. Geraldo Dias - Parque Centenário, Jundiaí",Ponto de Ônibus Terminal Hortolândia,13:11,T2
Linhs 02 - Várzea Paulista ,"R. Victorio Spinucci - Jardim Santa Lucia, Várzea Paulista",Campo Jardim Promeca,12:10,T2
Linhs 02 - Várzea Paulista ,"R. Victorio Spinucci - Jardim Promeca, Várzea Paulista",Padaria Trigal,12:11,T2
Linhs 02 - Várzea Paulista ,"Av. Fernão Dias Paes Leme - Jardim Maria de Fatima, Várzea Paulista ",Lojas Cem,12:21,T2
Linhs 02 - Várzea Paulista ,"R. Arnold Gut Júnior,  Vila Sao Jose, Várzea Paulista ",Ponto de Ônibus da Escola José Pedro Musseli,12:25,T2
Linhs 02 - Várzea Paulista ,"R. Carioba,  Jardim Mirante,  Várzea Paulista ",Igreja O Brasil Para Cristo,12:26,T2
Linhs 02 - Várzea Paulista ,"R. Paschoal Gianfrancesco,  Vila Tupi, Várzea Paulista ",Igreja Batista Oikós,12:28,T2
Linhs 02 - Várzea Paulista ,"R. Paschoal Gianfrancesco,  Vila Tupi, Várzea Paulista ",Colégio Futura Anglo,12:30,T2
Linhs 02 - Várzea Paulista ,"R. Agapantos, Jardim Bertioga, Várzea Paulista ",Frutão Vila Popular,12:33,T2
Linhs 02 - Várzea Paulista ,"Av. das Lélias, Jardim Bahia, Várzea Paulista",Entrada do Jd. Bahia,12:36,T2
Linhs 02 - Várzea Paulista ,"R. das Alocácias, Jardim Bertioga, Várzea Paulista ",Escola Lavinia Ribeiro Aranha,12:39,T2
Linhs 02 - Várzea Paulista ,"R. dos Fávaros, Vila Indaiá, Várzea Paulista",Res. José e Maria Favaro,12:46,T2
Linhs 02 - Várzea Paulista ,"R. Guilherme Augusto Baad, Vila Esperanca, Jundiaí",Entrada da Vila Esperança,12:49,T2
Linhs 02 - Várzea Paulista ,"Av. Dr. Nelson Vilaça, Jardim do Lago, Jundiaí",Caixa D´Agua Jd. do Lago,12:54,T2
Linhs 02 - Várzea Paulista ,"R. Olivio Moro, Vila M Genoveva, Jundiaí",Mundo Magico Kids,13:00,T2
Linhs 02 - Várzea Paulista ,"Av. São Paulo, Vila Arens II, Jundiaí",Puente Multimarcas,13:04,T2
Linhs 02 - Várzea Paulista ,"Av. Jundiaí, Anhangabaú, Jundiaí",Ponto de Ônibus em cima do viaduto,13:14,T2
Linha 03 - Franco da Rocha,"Av. dos Expedicionários - Companhia Fazenda Belem, Franco da Rocha",Lojas Cem,12:10,T2
Linha 03 - Franco da Rocha,"R. Basílio Fazzi - Vila Vera Cruz, Franco da Rocha",Lojas KLK - Kabler,12:14,T2
Linha 03 - Franco da Rocha,"R. Benedito Fagundes Marques, Franco da Rocha",Posto Zebrinha,12:15,T2
Linha 03 - Franco da Rocha,"R. Tiradentes - Vila Bazu, Franco da Rocha",Padaria Bazú Pães e Doces,12:18,T2
Linha 03 - Franco da Rocha,"Av. São Paulo - Parque Paulista, Franco da Rocha",Hotel Gold Park,12:23,T2
Linha 03 - Franco da Rocha,"Av. São Paulo - Vila Suíça, Francisco Morato",Academia Golden Fit,12:26,T2
Linha 03 - Franco da Rocha,"R. Demerson Gomes Romano - Centro, Francisco Morato",Ponto antes da Lojas Cem,12:29,T2
Linha 03 - Franco da Rocha,"R. João Mendes Júnior - Jardim Prof. Francisco Morato, Francisco Morato",Esplanada Móveis,12:34,T2
Linha 03 - Franco da Rocha,"Rod. Manoel Silvério Pinto - Belem Estacao, Francisco Morato",Hospital Estadual de Francisco Morato - Lacaz,12:36,T2
Linha 03 - Franco da Rocha,"Rod. Manoel Silvério Pinto - Parque Climateric Rolland, Francisco Morato",Prefeitura Municipal de Francisco Morato,12:37,T2
Linha 03 - Franco da Rocha,"Rod. Manoel Silvério Pinto - Jardim dos Bandeirantes, Franco da Rocha",Federzoni Casa & Construção,12:39,T2
Linha 03 - Franco da Rocha,"Av. Francisco Napoleão Cid de Freitas - Jardim Santa Gertrudes, Jundiaí",Posto de Gasolina Ipiranga,12:59,T2
Linha 03 - Franco da Rocha,"R. Ricardo César Fávaro - Jardim Santa Gertrudes, Jundiaí",Padaria Farias,13:02,T2
Linha 03 - Franco da Rocha,"Av. Marginal Norte da Via Anhanguera - Vila Rami, Jundiaí",Ponto de Ônibus da Vila Rami,13:06,T2
Linha 03 - Franco da Rocha,"Av. Marginal Norte da Via Anhanguera - Parque Uniao, Jundiaí",Ponto de Ônibus da Vila União,13:08,T2
Linha 04 - Itupeva ,"R. Geraldo Ferraz - Monte Serrat, Itupeva",Caixa D‘água,12:00,T2
Linha 04 - Itupeva ,"Av. Emílio Chechinato - Vila Sao Joao, Itupeva",Parque da Cidade,12:13,T2
Linha 04 - Itupeva ,"Av. Emílio Chechinato - Chácara Paraíso, Itupeva",Bosal,12:19,T2
Linha 04 - Itupeva ,"Av. Eunice Cavalcante de Souza Queiroz - Parque Res. Jundiaí, Jundiaí",Residencial Supermercados,12:27,T2
Linha 04 - Itupeva ,"Av. Eunice Cavalcante de Souza Queiroz - Parque Res. Jundiaí, Jundiaí",Escola Rola Bola,12:28,T2
Linha 04 - Itupeva ,"Av. Eunice Cavalcante de Souza Queiroz - Parque Res. Jundiaí, Jundiaí",Casa de Carnes Bonança,12:30,T2
Linha 04 - Itupeva ,"Av. Prof. Raymundo Faggiano - Parque Res. Almerinda Chaves, Jundiaí",Super V Supermercados,12:32,T2
Linha 04 - Itupeva ,"Estr. Municipal Do Varjão, Jundiaí - Jardim Novo Horizonte",Adega Altas Horas,12:33,T2
Linha 04 - Itupeva ,"Av. Carmine Todaro - Jardim Novo Horizonte, Jundiaí",Bn Silva Materiais para Construção,12:36,T2
Linha 04 - Itupeva ,"R. Adelino Martins - Jd das Tulipas, Jundiai",Igreja Internacional da Graça de Deus,12:50,T2
Linha 04 - Itupeva ,"Av. Cezar Brunholi - Res. Santa Giovana, Jundiaí",Hamburgueria Smash Smash,12:55,T2
Linha 04 - Itupeva ,"Av. Carmine Todaro - Jardim Novo Horizonte, Jundiaí",Borracharia do Tatu,12:57,T2
Linha 04 - Itupeva ,"Av. Henrique Brunini - Fazenda Grande, Jundiaí",Brito´s Lanches,12:58,T2
Linha 04 - Itupeva ,"R. Daniel da Silva - Fazenda Grande, Jundiaí",UBS Fazenda Grande,13:00,T2
Linha 04 - Itupeva ,"R. Ambrósio Marquezin - Fazenda Grande, Jundiaí",Deck Pastelaria,13:02,T2
Linha 04 - Itupeva ,"Av. Carlos Veiga - Parque Eloy Chaves, Jundiaí",Coopercica,13:04,T2
Linha 04 - Itupeva ,"Av. Luiz José Sereno - Jardim Ermida I, Jundiaí",Fávaro Materiais para Construção,13:06,T2
Linha 04 - Itupeva ,"Av. Antônio Pincinato - Recanto Quarto Centenario, Jundiaí",Residencial Algodoeiro,13:13,T2
Linha 05 - Ivoturucaia ,"Av. Dr. Walter Gossner - Ivoturucaia, Jundiaí",Saneamento Básico,12:10,T2
Linha 05 - Ivoturucaia ,"Av. Dr. Walter Gossner - Ivoturucaia, Jundiaí",Ponto de Ônibus Antes do Cemitério,12:12,T2
Linha 05 - Ivoturucaia ,"Av. Dr. Walter Gossner - Ivoturucaia, Jundiaí",Varejão do Povo,12:14,T2
Linha 05 - Ivoturucaia ,"Av. Pacaembu - Jardim America III, Várzea Paulista",STUDIO A - Academia,12:15,T2
Linha 05 - Ivoturucaia ,"Av. Pacaembu - Jardim Paulista, Várzea Paulista",Escola Armando Dias,12:17,T2
Linha 05 - Ivoturucaia ,"Av. Tapira - Jardim America III, Várzea Paulista",Fornecedora JB,12:20,T2
Linha 05 - Ivoturucaia ,"R. Sambaiba - Jardim America II, Várzea Paulista",Esq. com AV. Tapira,12:22,T2
Linha 05 - Ivoturucaia ,"R. Nipoã - Jardim America II, Várzea Paulista",Mercado Aliança,12:23,T2
Linha 05 - Ivoturucaia ,"R. Irerê - Jardim America II, Várzea Paulista",Agropet Cristal,12:24,T2
Linha 05 - Ivoturucaia ,"R. Irerê - Jardim America II, Várzea Paulista",Caixa D‘água,12:25,T2
Linha 05 - Ivoturucaia ,"R. Orós - Jardim America II, Várzea Paulista",Esquina com a Rua Barretos,12:27,T2
Linha 05 - Ivoturucaia ,"R. Guaíba - Jardim America I, Várzea Paulista",Tubolar Elétrictubolar Elétrica E Hidráulicaa E Hidráulica,12:29,T2
Linha 05 - Ivoturucaia ,"Av. Sidney Mazzoni - Jardim Tamoio, Jundiaí",Belluno Residencial,12:39,T2
Linha 05 - Ivoturucaia ,"Av. Bento do Amaral Gurgel - Vila Nambi, Jundiaí",Veinho Lanches,12:41,T2
Linha 05 - Ivoturucaia ,"Av. Bento do Amaral Gurgel - Vila Nambi, Jundiaí",Kal Restaurantes,12:42,T2
Linha 05 - Ivoturucaia ,"R. Dino - Vila Joana, Jundiaí",Escola Pedro de Oliveira,12:49,T2
Linha 05 - Ivoturucaia ,"R. Dino - Vila Joana, Jundiaí",Igreja Casa da Benção,12:49,T2
Linha 05 - Ivoturucaia ,"R. Fernão Dias Paes Leme - Vila Aparecida, Jundiaí",Supermercado Parazzi,12:51,T2
Linha 05 - Ivoturucaia ,"Av. São Camilo - Jardim São Camilo, Jundiaí ",Sent. Jd. Tarumã,12:55,T2
Linha 05 - Ivoturucaia ,"R. Espírito Santo - Jardim Tarumã, Jundiaí",Igreja Congregação Cristã do Brasil,12:57,T2
Linha 05 - Ivoturucaia ,"R. Pará - Jardim Tarumã, Jundiaí",Supermercado Tarumã,13:01,T2
Linha 05 - Ivoturucaia ,"Av. Capitão Francisco Copelli - Jardim Tarumã, Jundiaí",JR Supermercados,13:02,T2
Linha 06 - Louveira ,"R. Armando Steck - Centro, Louveira, Louveira ",Ponto em frente a estação de Louveira Sentido Vinhedo,12:10,T2
Linha 06 - Louveira ,"R. Recife, Terra Nobre, Louveira ",Esquina com Rua Fortaleza,12:17,T2
Linha 06 - Louveira ,"R. Antônio Bonesso - Santo Antonio, Louveira",Fareva Louveira,12:22,T2
Linha 06 - Louveira ,"R. Evaristo Cavali, Jardim Esmeralda, Louveira ",MultiDrogas,12:24,T2
Linha 06 - Louveira ,"R. das Rosas, Jardim Lago Azul, Louveira ",Casa de Cultura,12:27,T2
Linha 06 - Louveira ,"R. Santo Scarance - Res. Serra Azul, Louveira",Praça Pedro Sanches,12:28,T2
Linha 06 - Louveira ,"R. Mario Betti - Jardim Vista Alegre, Louveira",UBS Vista Alegre,12:32,T2
Linha 06 - Louveira ,"R. Pedro Chicalhone - Jardim Diamante, Louveira",Vai de Smash - Hamburgueria Louveira,12:33,T2
Linha 06 - Louveira ,"R. João Pagotto - Aglomeração Urbana de Jundiaí, Louveira",Açougue Boi do Forte Sto Antônio,12:35,T2
Linha 06 - Louveira ,"Av. José Laércio Beviláqua - Irmãos Chiquetto, Louveira",Fármacia / Drogaria Brasil Louveira,12:36,T2
Linha 06 - Louveira ,"Av. da Uva - Res. Água Doce, Jundiaí",Mercado Água Doce,12:47,T2
Linha 06 - Louveira ,"Av da Uva - Res. Água Doce, Jundiaí",M.Brasil Arena Society - Escola de Futebol Meninos do Brasil,12:49,T2
Linha 06 - Louveira ,"R. Uva Niágara - CECAP, Jundiaí",Parque Ecológico Morada das Vinhas,12:54,T2
Linha 06 - Louveira ,"R. Alceu de Tolêdo Pontes - Bairro dos Fernandes, Jundiaí",Praça Família Jundiaí,12:58,T2
Linha 06 - Louveira ,"R. Miguel Hilário Navarrete Sanches - Vila Marlene, Jundiaí",Refeições Agnes,13:01,T2
Linha 06 - Louveira ,"R. Augusto Saccomani - Cidade Santos Dumont, Jundiaí",Zé Costela,13:04,T2
Linha 06 - Louveira ,"Av. Armando Giassetti, Engordadouro, Jundiaí",Incubadora de Empresas de Jundiaí,13:08,T2
Linha 06 - Louveira ,"Av. Armando Giassetti, Engordadouro, Jundiaí",Incubadora de Empresas de Jundiaí,13:08,T2
Linha 01 - Colina do Pontal ,"R. Águas da Prata, Vila Constanca (Botujuru), Campo Limpo Paulista",KJ Mini Mercado e Padaria,20:00,T3
Linha 01 - Colina do Pontal ,"R. Águas de Lindóia, Vila Chacrinha, Campo Limpo Paulista",Escola Mun. Vila Constança,20:04,T3
Linha 01 - Colina do Pontal ,"R. Bauru, Parque Loja da China, Campo Limpo Paulista",Esquina com a Rua Descalvado,20:05,T3
Linha 01 - Colina do Pontal ,"R. João Julião Moreira, Vila Constanca (Botujuru), Campo Limpo Paulista",Deposito Colina,20:10,T3
Linha 01 - Colina do Pontal ,"R. João Julião Moreira, Vila Constanca (Botujuru), Campo Limpo Paulista",Sorveteira Alegria,20:10,T3
Linha 01 - Colina do Pontal ,"Av. Casa Branca - Vila Chacrinha, Campo Limpo Paulista",Esquina com a Rua Tito,20:12,T3
Linha 01 - Colina do Pontal ,"R. Rio Camanducaia - Jardim Santo Antonio II, Campo Limpo Paulista",Esq. Com Av. Antonio Di Gioia,20:17,T3
Linha 01 - Colina do Pontal ,"Av. Antônio Di Gióia, Parque Res. California, Campo Limpo Paulista",Condomínio Los Angeles,20:19,T3
Linha 01 - Colina do Pontal ,"Av. Antônio Di Gióia, Parque Res. California, Campo Limpo Paulista",Mello Supermercado,20:19,T3
Linha 01 - Colina do Pontal ,"Estr. Bragantina, Jardim Santo Antonio I, Campo Limpo Paulista",Padaria Brunella,20:23,T3
Linha 01 - Colina do Pontal ,"R. Dama da Noite, Parque Internacional, Campo Limpo Paulista",Ponto entrada do Parque Internacional,20:24,T3
Linha 01 - Colina do Pontal ,"Av. Amazonas, Parque Internacional, Campo Limpo Paulista",Escola Georgina Helena Fortarel,20:26,T3
Linha 01 - Colina do Pontal ,"Av. Amazonas, Parque Internacional, Campo Limpo Paulista",Ponto de Ônibus do escadão,20:27,T3
Linha 01 - Colina do Pontal ,"Estr. Bragantina, Jardim Santo Antonio I, Campo Limpo Paulista",Supermercado Santa Fé,20:29,T3
Linha 01 - Colina do Pontal ,"Av. dos Emancipadores, Jardim Paulista, Campo Limpo Paulista",Ponto da Entrada do Santa Catarina,20:32,T3
Linha 01 - Colina do Pontal ,"Av. dos Emancipadores, Jardim Paulista, Campo Limpo Paulista",Posto de Combustível BR,20:34,T3
Linha 01 - Colina do Pontal ,"R. Francisco Miguel, Centro, Campo Limpo Paulista",Escola Dr. Francisco Monlevade,20:36,T3
Linha 01 - Colina do Pontal ,"R. Francisco Miguel, Centro, Campo Limpo Paulista",Escola Dr. Francisco Monlevade,20:36,T3
Linha 01 - Colina do Pontal ,"R. Campos Salles, Vila Tavares, Campo Limpo Paulista",Praça dos Estudantes,20:37,T3
Linha 01 - Colina do Pontal ,"R. Maria J. Rodrigues, Jardim Santa Lucia, Campo Limpo Paulista",Supermercado São José,20:40,T3
Linha 01 - Colina do Pontal ,"Av. São Paulo, Jardim Santa Lucia, Campo Limpo Paulista",Padaria Vitória,20:42,T3
Linha 01 - Colina do Pontal ,"Av. da Saudade, Jardim Guanciale, Campo Limpo Paulista",Cemitério Municipal de Campo Limpo Paulista,20:44,T3
Linha 01 - Colina do Pontal ,"Av. 21 de Março, Jardim das Acacias, Várzea Paulista",Atras do Posto Progresso,20:48,T3
Linha 01 - Colina do Pontal ,"R. Pedro Alvares Cabral, Jardim das Acacias, Várzea Paulista",Ponto de Ônibus - sent. Jd. Promeca,20:49,T3
Linha 01 - Colina do Pontal ,"R. Victorio Spinucci, Jardim Santa Lucia, Várzea Paulista",Panificadora & Confeitaria Trigal,20:51,T3
Linha 01 - Colina do Pontal ,"Av. Duque de Caxias - Sítio do Moinho, Várzea Paulista",Moto Sport,20:56,T3
Linha 01 - Colina do Pontal ,"Av. Antônio Frederico Ozanan, Jardim Shangai, Jundiaí",Posto Shell,21:11,T3
Linha 01 - Colina do Pontal ,"Rod. Geraldo Dias - Jardim Currupira, Jundiaí",Ponto do Jardim Botanico,21:13,T3
Linha 01 - Colina do Pontal ,"Rod. Geraldo Dias - Parque Centenário, Jundiaí",Ponto de Ônibus Terminal Hortolândia,21:16,T3
Linha 02 - Vázea Paulista ,"R. Várzea Paulista, Vila M Genoveva, Jundiaí",Crystal Informatica,20:10,T3
Linha 02 - Vázea Paulista ,"Avenida Fernão Dias Paes Leme , Vila Santa Terezinha, Várzea Paulista",Lucena Veículos,20:12,T3
Linha 02 - Vázea Paulista ,"Av. Fernão Dias Paes Leme, Centro, Várzea Paulista ",Lojas Cem,20:15,T3
Linha 02 - Vázea Paulista ,"R. Arnold Gut Júnior, Vila Sao Jose, Várzea Paulista ",Ponto de Ônibus da Escola José Pedro Musseli,20:18,T3
Linha 02 - Vázea Paulista ,"R. Carioba, Jardim Mirante, Várzea Paulista ",Igreja O Brasil Para Cristo,20:20,T3
Linha 02 - Vázea Paulista ,"Av. Macaúba, Jardim Mirante, Várzea Paulista ",Supermercado Inova,20:21,T3
Linha 02 - Vázea Paulista ,"R. Paschoal Gianfrancesco, Vila Tupi, Várzea Paulista ",Colégio Futura Anglo,20:24,T3
Linha 02 - Vázea Paulista ,"R. Agapantos, Jardim Bertioga, Várzea Paulista ",Frutão Hortifrutti,20:26,T3
Linha 02 - Vázea Paulista ,"Av. Padre Jordan, Jardim Bertioga, Várzea Paulista ",Teba,20:28,T3
Linha 02 - Vázea Paulista ,"R. das Alocácias, Jardim Bertioga, Várzea Paulista ",Escola Lavinia Ribeiro Aranha,20:29,T3
Linha 02 - Vázea Paulista ,"R. José Rabelo Portela, Vila Popular, Várzea Paulista ",Ponto Apos Antiga Faculdade,20:33,T3
Linha 02 - Vázea Paulista ,"R. José Rabelo Portela, Vila Popular, Várzea Paulista ",Supermercado Millenium,20:34,T3
Linha 02 - Vázea Paulista ,"Av. José Rabelo Portela, Vila Indaiá, Várzea Paulista ",Aymoré Supermercados,20:35,T3
Linha 02 - Vázea Paulista ,"R. Vítor Marcelo de Castro, Jardim do Lago, Jundiaí ",Residencial Jasmim,20:37,T3
Linha 02 - Vázea Paulista ,"R. Pedro Kramer, Parque Cidade Jardim II, Jundiaí ",Mecânica Autobochio,20:39,T3
Linha 02 - Vázea Paulista ,"R. Rachid Jorge Cury, Jardim do Lago, Jundiaí ",Ponto de Ônibus sent. Av. Samuel Martins,20:41,T3
Linha 02 - Vázea Paulista ,"Av. Samuel Martins, Vila Progresso, Jundiaí ",Marlon Auto Center,20:42,T3
Linha 02 - Vázea Paulista ,"Av Clemente Rosa, Vila Nova Jundiai, Jundiaí",Agrosantel,20:49,T3
Linha 02 - Vázea Paulista ,"Av. Dr.Odil Campos de Sáes, Jardim Sao Bento, Jundiaí",Dra Claudia Lígia Nogueira Flebo e Estética,21:00,T3
Linha 02 - Vázea Paulista ,"Av. Jundiaí, Anhangabaú, Jundiaí",Ponto Ônibus Ponte AV. Jundiai,21:06,T3
Linha 02 - Vázea Paulista ,"Av. Jundiaí, Anhangabaú, Jundiaí",Pq. da Uva,21:08,T3
Linha 02 - Vázea Paulista ,"Rod. Anhangüera, Tijuco Preto, Jundiaí",Ponto AutoBAn,21:11,T3
Linha 03 - Franco da Rocha,"Av. dos Expedicionários - Companhia Fazenda Belem, Franco da Rocha",Lojas Cem,19:40,T3
Linha 03 - Franco da Rocha,"R. Basílio Fazzi - Vila Artur Sestini, Franco da Rocha",Mc Donald‘s,20:28,T3
Linha 03 - Franco da Rocha,"R. Benedito Fagundes Marques, Franco da Rocha",Posto Zebrinha,20:31,T3
Linha 03 - Franco da Rocha,"Rua Tiradentes - Vila Bazu, Franco da Rocha",Padaria Bazú Pães e Doces,20:34,T3
Linha 03 - Franco da Rocha,"Av. São Paulo - Parque Paulista, Franco da Rocha",Hotel Gold Park,20:39,T3
Linha 03 - Franco da Rocha,"Av. São Paulo - Vila Suíça, Francisco Morato",Academia Golden Fit,20:41,T3
Linha 03 - Franco da Rocha,"R. Demerson Gomes Romano - Centro, Francisco Morato",Ponto antes da Lojas Cem,20:45,T3
Linha 03 - Franco da Rocha,"Rod. Manoel Silvério Pinto - Belem Estacao, Francisco Morato",Ponto Apos Prof. Celestina Valente,20:52,T3
Linha 03 - Franco da Rocha,"Rod. Manoel Silvério Pinto - Jardim dos Bandeirantes, Franco da Rocha",Federzoni Casa & Construção,20:54,T3
Linha 03 - Franco da Rocha,"Av. Francisco Napoleão Cid de Freitas - Jardim Santa Gertrudes, Jundiaí",Posto de Gasolina Ipiranga,21:13,T3
Linha 03 - Franco da Rocha,"R. Ricardo César Fávaro - Jardim Santa Gertrudes, Jundiaí",Padaria Farias,21:17,T3
Linha 04 - Itupeva ,"R. Geraldo Ferraz - Monte Serrat, Itupeva",Caixa D‘água,20:00,T3
Linha 04 - Itupeva ,"Av. Emílio Chechinato - Chácara Paraíso, Itupeva",Bosal,20:17,T3
Linha 04 - Itupeva ,"Estr. Municipal Do Varjão, Jundiaí - Jardim Novo Horizonte",Mercado Monteiro,20:30,T3
Linha 04 - Itupeva ,"Av. Carmine Todaro - Jardim Novo Horizonte, Jundiaí",Núcleo Educacional Antonieta Chaves Cintra Gordinho,20:32,T3
Linha 04 - Itupeva ,"R. Adelino Martins - Jd das Tulipas, Jundiai",Armazem da Moda,20:43,T3
Linha 04 - Itupeva ,"R. Adelino Martins - Jd das Tulipas, Jundiai",Fernandes Gás,20:46,T3
Linha 04 - Itupeva ,"Av. Cezar Brunholi - Res. Santa Giovana, Jundiaí",Xavier Express,20:49,T3
Linha 04 - Itupeva ,"Av. Juvenal Arantes - Medeiros, Jundiaí",Nobre Refeições,20:59,T3
Linha 04 - Itupeva ,"Av. Luiz José Sereno, Parque Eloy Chaves, Jundiaí",Nildo Veículos,21:04,T3
Linha 04 - Itupeva ,"Av. Luiz José Sereno, Parque Eloy Chaves, Jundiaí",Nildo Veículos,21:04,T3
Linha 04 - Itupeva ,"Av. Antônio Pincinato, Recanto Quarto Centenario, Jundiaí",ETEC Benedito Storani,21:08,T3
Linha 04 - Itupeva ,"Av. Antônio Pincinato, Recanto Quarto Centenario, Jundiaí",Condominio Residencial Alpha Sentido Cemiterio,21:11,T3
Linha 05 - Ivoturucaia ,"R. Arcangelo Bianchini, Ivoturucaia, Jundiaí",EE Monsenhor Venerando Nalini,20:20,T3
Linha 05 - Ivoturucaia ,"Av. Dr. Walter Gossner - Ivoturucaia, Jundiaí",Lateral Cemitério,20:27,T3
Linha 05 - Ivoturucaia ,"Av. Dr. Walter Gossner - Ivoturucaia, Jundiaí",Varejão do Povo,20:28,T3
Linha 05 - Ivoturucaia ,"Av. Pacaembu - Jardim America III, Várzea Paulista",STUDIO A Academia,20:29,T3
Linha 05 - Ivoturucaia ,"Av. Pacaembu - Jardim Paulista, Várzea Paulista",Escola Estadual Armando Dias,20:31,T3
Linha 05 - Ivoturucaia ,"R. Itapetininga, Jardim Paulista, Várzea Paulista",Auto Elétrica J.M,20:34,T3
Linha 05 - Ivoturucaia ,"R. Taquarí, Jardim America III, Várzea Paulista",Salão Ponto Da Beleza,20:35,T3
Linha 05 - Ivoturucaia ,"Av. Pequerí, Jardim America III, Várzea Paulista",Mineirinho Gás,20:35,T3
Linha 05 - Ivoturucaia ,"R. Sambaiba - Jardim America II, Várzea Paulista",Esq. com AV. Tapira,20:36,T3
Linha 05 - Ivoturucaia ,"R. Nipoã - Jardim America II, Várzea Paulista",Mercado Aliança,20:38,T3
Linha 05 - Ivoturucaia ,"R. Orós - Jardim America II, Várzea Paulista",Esquina com a Rua Barretos,20:41,T3
Linha 05 - Ivoturucaia ,"R. Guaíba - Jardim America I, Várzea Paulista",Auto Mecanica Marcelo,20:44,T3
Linha 05 - Ivoturucaia ,"R. Ricardo Aizza, Cidade Nova II, Várzea Paulista",Sorveteria Mega Mania,20:47,T3
Linha 05 - Ivoturucaia ,"R. Florindo Zambon, Cidade Nova, Jundiaí",Auto Posto Colônia Jundiaí Comércio Combustíveis E Serviços,20:50,T3
Linha 05 - Ivoturucaia ,"Av. Carlos Ângelo Mathion, Jardim Tamoio, Jundiaí",Universal Tamoio / Jundiaí,20:52,T3
Linha 05 - Ivoturucaia ,"R. Palmeira dos Índios, Vila Nambi, Jundiaí",Farfalla Açaí - Delivery,20:55,T3
Linha 05 - Ivoturucaia ,"R. Ângelo Corradini, Vila Nambi, Jundiaí",Vista Park Residencial - Portaria 2,21:00,T3
Linha 05 - Ivoturucaia ,"Av. dos Imigrantes Italianos, Vila Nambi, Jundiaí",Centro de Atendimento à Síndrome de Down Bem-Te-Vi Jundiaí,21:02,T3
Linha 05 - Ivoturucaia ,"Av. dos Imigrantes Italianos, Vila Nambi, Jundiaí",Terminal Colonia,21:05,T3
Linha 05 - Ivoturucaia ,"Av. São Camilo, Jardim Sao Camilo, Jundiaí",Ponto de Ônibus,21:13,T3
Linha 06 - Louveira ,"R. Armando Steck - Centro, Louveira, Louveira ",Ponto em frente a estação de Louveira Sentido Vinhedo,20:20,T3
Linha 06 - Louveira ,"R. Armando Steck - Centro, Louveira, Louveira ",Supermercado Aliança,20:23,T3
Linha 06 - Louveira ,"R. Recife, Terra Nobre, Louveira ",Esquina com Rua Fortaleza,20:27,T3
Linha 06 - Louveira ,"R. Antônio Bonesso - Santo Antonio, Louveira",Fareva Louveira,20:33,T3
Linha 06 - Louveira ,"R. Evaristo Cavali, Jardim Esmeralda, Louveira ",MultiDrogas,20:36,T3
Linha 06 - Louveira ,"R. das Rosas, Jardim Lago Azul, Louveira ",Casa de Cultura,20:37,T3
Linha 06 - Louveira ,"R. Santo Scarance - Res. Serra Azul, Louveira",Praça Pedro Sanches,20:38,T3
Linha 06 - Louveira ,"R. Mario Betti - Jardim Vista Alegre, Louveira",UBS Vista Alegre,20:43,T3
Linha 06 - Louveira ,"R. Pedro Chicalhone - Jardim Diamante, Louveira",Vai de Smash - Hamburgueria Louveira,20:44,T3
Linha 06 - Louveira ,"R. João Pagotto - Aglomeração Urbana de Jundiaí, Louveira",Açougue Boi do Forte Sto Antônio,20:45,T3
Linha 06 - Louveira ,"Av. José Laércio Beviláqua - Irmãos Chiquetto, Louveira",Fármacia / Drogaria Brasil Louveira,20:46,T3
Linha 06 - Louveira ,"Av. Comendador Antônio Carbonari, Traviu, Jundiaí",Mercado Traviú Express,20:52,T3
Linha 06 - Louveira ,"Av. da Uva - Res. Água Doce, Jundiaí",Auto Posto Demarchi,20:57,T3
Linha 06 - Louveira ,"Av. da Uva - Res. Água Doce, Jundiaí",M.Brasil Arena Society - Escola de Futebol Meninos do Brasil,21:01,T3
Linha 06 - Louveira ,"R. Uva Niágara - CECAP, Jundiaí",Parque Ecológico Morada das Vinhas,21:05,T3
Linha 06 - Louveira ,"R. Uva Niágara - CECAP, Jundiaí",UBS Morada das Vinhas,21:07,T3
Linha 06 - Louveira ,"R. Alceu de Tolêdo Pontes - Bairro dos Fernandes, Jundiaí",Praça Família Jundiaí,21:09,T3
Linha 06 - Louveira ,"R. Miguel Hilário Navarrete Sanches - Vila Marlene, Jundiaí",Refeições Agnes,21:12,T3
Linha 06 - Louveira ,"R. Augusto Saccomani - Cidade Santos Dumont, Jundiaí",Zé Costela,21:15,T3
Linha 06 - Louveira ,"Av. Armando Giassetti, Engordadouro, Jundiaí",Incubadora de Empresas de Jundiaí,21:20,T3
Linha 01 - Colina do Pontal ,"R. Águas da Prata, Vila Constanca (Botujuru), Campo Limpo Paulista",KJ Mini Mercado e Padaria,4:00,T4
Linha 01 - Colina do Pontal ,"R. Águas de Lindóia, Vila Chacrinha, Campo Limpo Paulista",Escola Mun. Vila Constança,4:04,T4
Linha 01 - Colina do Pontal ,"R. Bauru, Parque Loja da China, Campo Limpo Paulista",Esquina com a Rua Descalvado,4:05,T4
Linha 01 - Colina do Pontal ,"Rua João Julião Moreira, Vila Constanca (Botujuru), Campo Limpo Paulista",Deposito Colina,4:10,T4
Linha 01 - Colina do Pontal ,"R. João Julião Moreira, Vila Constanca (Botujuru), Campo Limpo Paulista",Sorveteira Alegria,4:10,T4
Linha 01 - Colina do Pontal ,"R. Visc. de Taunay, Botujuru (Botujuru), Campo Limpo Paulista",Esquina com a Rua Visconde de Taunay,4:13,T4
Linha 01 - Colina do Pontal ,"Av. Antônio Di Gióia, Parque Res. California, Campo Limpo Paulista",Condomínio Los Angeles,4:17,T4
Linha 01 - Colina do Pontal ,"Estr. Bragantina, Jardim Santo Antonio I, Campo Limpo Paulista",Padaria Brunella,4:22,T4
Linha 01 - Colina do Pontal ,"Estr. Bragantina, Jardim Santa Maria, Campo Limpo Paulista",Padaria Santa Maria,4:23,T4
Linha 01 - Colina do Pontal ,"Av. Amazonas, Parque Internacional, Campo Limpo Paulista",Escola Georgina Helena Fortarel,4:24,T4
Linha 01 - Colina do Pontal ,"Av. Amazonas, Parque Internacional, Campo Limpo Paulista",Ponto de Ônibus do escadão,4:26,T4
Linha 01 - Colina do Pontal ,"Estr. Bragantina, Jardim Santo Antonio I, Campo Limpo Paulista",Supermercado Santa Fé,4:29,T4
Linha 01 - Colina do Pontal ,"Avenida Alfried Krupp, Jardim Europa, Campo Limpo Paulista",Hospital de Clínicas,4:30,T4
Linha 01 - Colina do Pontal ,"Rua Uruguai, Jardim Santa Catarina, Campo Limpo Paulista",Ponto da Entrada do Santa Catarina,4:32,T4
Linha 01 - Colina do Pontal ,"Av. dos Emancipadores, Jardim Paulista, Campo Limpo Paulista",Posto de Combustível BR,4:33,T4
Linha 01 - Colina do Pontal ,"R. Francisco Miguel, Centro, Campo Limpo Paulista",Escola Dr. Francisco Monlevade,4:36,T4
Linha 01 - Colina do Pontal ,"R. Campos Salles, Vila Tavares, Campo Limpo Paulista",Praça dos Estudantes,4:37,T4
Linha 01 - Colina do Pontal ,"R. Maria J. Rodrigues, Jardim Santa Lucia, Campo Limpo Paulista",Supermercado São José,4:39,T4
Linha 01 - Colina do Pontal ,"Av. São Paulo, Jardim Santa Lucia, Campo Limpo Paulista",Padaria Vitória,4:41,T4
Linha 01 - Colina do Pontal ,"Av. da Saudade, Jardim Guanciale, Campo Limpo Paulista",Cemitério Municipal de Campo Limpo Paulista,4:44,T4
Linha 01 - Colina do Pontal ,"Av. 21 de Março, Jardim das Acacias, Várzea Paulista",Atras do Posto Progresso,4:47,T4
Linha 01 - Colina do Pontal ,"R. Victorio Spinucci, Jardim Santa Lucia, Várzea Paulista",Panificadora & Confeitaria Trigal,4:49,T4
Linha 01 - Colina do Pontal ,"R. Victorio Spinucci, Jardim Promeca, Várzea Paulista",Escola Dirce Pedroso de Souza,4:52,T4
Linha 01 - Colina do Pontal ,"Av. Antônio Frederico Ozanan, Jardim Shangai, Jundiaí",Ponto de Ônibus - Prox. ao Vista Park,5:03,T4
Linha 02 - Várzea Paulista ,"R. Várzea Paulista, Vila M Genoveva, Jundiaí",Crystal Informatica,4:10,T4
Linha 02 - Várzea Paulista ,"Avenida Fernão Dias Paes Leme , Vila Santa Terezinha, Várzea Paulista",Lucena Veículos,4:12,T4
Linha 02 - Várzea Paulista ,"Av. Fernão Dias Paes Leme, Vila Santa Terezinha, Várzea Paulista",Coopercica,4:13,T4
Linha 02 - Várzea Paulista ,"Av. Fernão Dias Paes Leme, Centro, Várzea Paulista ",Lojas Cem,4:15,T4
Linha 02 - Várzea Paulista ,"R. Arnold Gut Júnior, Vila Sao Jose, Várzea Paulista ",Ponto de Ônibus da Escola José Pedro Musseli,4:18,T4
Linha 02 - Várzea Paulista ,"R. Carioba, Jardim Mirante, Várzea Paulista ",Igreja O Brasil Para Cristo,4:20,T4
Linha 02 - Várzea Paulista ,"Av. Macaúba, Jardim Mirante, Várzea Paulista ",Supermercado Inova,4:21,T4
Linha 02 - Várzea Paulista ,"R. Paschoal Gianfrancesco, Vila Tupi, Várzea Paulista ",Igreja Batista Oikós,4:22,T4
Linha 02 - Várzea Paulista ,"R. Paschoal Gianfrancesco, Vila Tupi, Várzea Paulista ",Colégio Futura Anglo,4:25,T4
Linha 02 - Várzea Paulista ,"R. Agapantos, Jardim Bertioga, Várzea Paulista ",Frutão Vila Popular,4:26,T4
Linha 02 - Várzea Paulista ,"Av. Padre Jordan, Jardim Bertioga, Várzea Paulista ",Adega La Casa de Bebidas,4:28,T4
Linha 02 - Várzea Paulista ,"R. das Alocácias, Jardim Bertioga, Várzea Paulista ",Escola Lavinia Ribeiro Aranha,4:29,T4
Linha 02 - Várzea Paulista ,"R. Das Antúrias, Jardim Bertioga, Várzea Paulista ",Mercado Pratick,4:33,T4
Linha 02 - Várzea Paulista ,"R. José Rabelo Portela, Jardim Bertioga, Várzea Paulista ",Supermercado Millenium,4:34,T4
Linha 02 - Várzea Paulista ,"Av. José Rabelo Portela, Vila Indaiá, Várzea Paulista ",Aymoré Supermercados,4:35,T4
Linha 02 - Várzea Paulista ,"R. Vítor Marcelo de Castro, Jardim do Lago, Jundiaí ",Residencial Jasmim,4:36,T4
Linha 02 - Várzea Paulista ,"R. Pedro Kramer, Parque Cidade Jardim II, Jundiaí ",Mecânica Autobochio,4:39,T4
Linha 02 - Várzea Paulista ,"R. Rachid Jorge Cury, Jardim do Lago, Jundiaí ",Ponto de Ônibus sent. Av. Samuel Martins,4:41,T4
Linha 02 - Várzea Paulista ,"Av. Samuel Martins, Vila Progresso, Jundiaí ",Tigervel Multimarcas,4:43,T4
Linha 02 - Várzea Paulista ,"R. Ibiporã, Vila Nova Jundiai, Jundiaí ",Mercado Bom Preço,4:53,T4
Linha 02 - Várzea Paulista ,"R. José Francisco Panzoldo, Vila Nova Jundiainopolis, Jundiaí ",Padaria do Gordão,4:55,T4
Linha 02 - Várzea Paulista ,"Av. Odila Azalim, Vila Francisco Eber, Jundiaí ",Ponto de Ônibus do Res. Anchieta,4:59,T4
Linha 02 - Várzea Paulista ,"Av. Osmundo dos Santos Pellegrini, Jardim Trevo, Jundiaí ",Adecil.com,5:04,T4
Linha 02 - Várzea Paulista ,"Av. Osmundo dos Santos Pellegrini, Recanto Quarto Centenario, Jundiaí ",BOA Supermercados,5:06,T4
Linha 02 - Várzea Paulista ,"Av. Antônio Pincinato, Recanto Quarto Centenario, Jundiaí ",Padaria Pão D´oro,5:08,T4
Linha 03 - Franco da Rocha,"Av. dos Expedicionários - Companhia Fazenda Belem, Franco da Rocha",Lojas Cem,4:10,T4
Linha 03 - Franco da Rocha,"R. Basílio Fazzi - Vila Artur Sestini, Franco da Rocha",Lojas KLK - Kabler,4:15,T4
Linha 03 - Franco da Rocha,"R. Benedito Fagundes Marques, Franco da Rocha",Posto Zebrinha,4:17,T4
Linha 03 - Franco da Rocha,"Rua Tiradentes - Vila Bazu, Franco da Rocha",Padaria Bazú Pães e Doces,4:19,T4
Linha 03 - Franco da Rocha,"Av. São Paulo - Parque Paulista, Franco da Rocha",Hotel Gold Park,4:23,T4
Linha 03 - Franco da Rocha,"Av. São Paulo - Vila Suíça, Francisco Morato",Academia Golden Fit,4:27,T4
Linha 03 - Franco da Rocha,"R. Demerson Gomes Romano - Centro, Francisco Morato",Ponto antes da Lojas Cem,4:31,T4
Linha 03 - Franco da Rocha,"R. João Mendes Júnior - Jardim Prof. Francisco Morato, Francisco Morato",Esplanada Móveis,4:34,T4
Linha 03 - Franco da Rocha,"Rod. Manoel Silvério Pinto - Belem Estacao, Francisco Morato",Hospital Estadual de Francisco Morato - Lacaz,4:37,T4
Linha 03 - Franco da Rocha,"Rod. Manoel Silvério Pinto - Parque Climateric Rolland, Francisco Morato",Prefeitura Municipal de Francisco Morato,4:39,T4
Linha 03 - Franco da Rocha,"Rod. Manoel Silvério Pinto - Jardim dos Bandeirantes, Franco da Rocha",Federzoni Casa & Construção,4:40,T4
Linha 03 - Franco da Rocha,"Av. Francisco Napoleão Cid de Freitas - Jardim Santa Gertrudes, Jundiaí",Posto de Gasolina Ipiranga,4:59,T4
Linha 03 - Franco da Rocha,"R. Ricardo César Fávaro - Jardim Santa Gertrudes, Jundiaí",Padaria Farias,5:03,T4
Linha 04 - Itupeva ,"R. Geraldo Ferraz - Monte Serrat, Itupeva",Caixa D‘água,3:55,T4
Linha 04 - Itupeva ,"R. de Março - Morro Alto, Itupeva",Rodoviária de Itupeva,4:06,T4
Linha 04 - Itupeva ,"R. Emancipadores do Município - Do Pinherinho, Itupeva",Latorre Pizzaria,4:08,T4
Linha 04 - Itupeva ,"Rod. Vice Pref. Hermenegildo Tonoli - Jardim Ana Luiza, Itupeva",Supermercado Monte Serrat,4:11,T4
Linha 04 - Itupeva ,"Av. Luiza Ferreira Pacheco Stella - Jardim Samambaia, Itupeva",Lateral do Parque da Cidade,4:16,T4
Linha 04 - Itupeva ,"Av. Emílio Chechinato - Chácara Paraíso, Itupeva",Bosal,4:22,T4
Linha 04 - Itupeva ,"Av. Francisco Nobre, Medeiros, Jundiaí - Jardim Carolina, Jundiaí",Mini Shopping Sarapiranga,4:34,T4
Linha 04 - Itupeva ,"Av. Francisco Nobre - Medeiros, Jundiaí",Senna Pizzaria,4:35,T4
Linha 04 - Itupeva ,"Av. José Benassi Jundiaí - Parque Res. Jundiaí, Jundiaí",Condomínio Gaivotas,4:44,T4
Linha 04 - Itupeva ,"Av. Eunice Cavalcante de Souza Queiroz - Parque Res. Jundiaí, Jundiaí",Residencial Supermercados,4:46,T4
Linha 04 - Itupeva ,"Av. Eunice Cavalcante de Souza Queiroz - Parque Res. Jundiaí, Jundiaí",Escola Rola Bola,4:47,T4
Linha 04 - Itupeva ,"Av. Eunice Cavalcante de Souza Queiroz - Parque Res. Jundiaí, Jundiaí",Casa de Carnes Bonança,4:48,T4
Linha 04 - Itupeva ,"Av. Prof. Raymundo Faggiano - Parque Res. Almerinda Chaves, Jundiaí",Super V Supermercados,4:50,T4
Linha 04 - Itupeva ,"Av. Pastor Francesco Ciaramella - Parque Res. Almerinda Chaves, Jundiaí",Ponto de Ônibus Urbano,4:53,T4
Linha 04 - Itupeva ,"Av. Pastor Francesco Ciaramella - Parque Res. Almerinda Chaves, Jundiaí",Ponto de Ônibus Urbano,4:53,T4
Linha 04 - Itupeva ,"Estr. Municipal Do Varjão, Jundiaí - Jardim Novo Horizonte",Mercado Monteiro,4:56,T4
Linha 04 - Itupeva ,"Av. Carmine Todaro - Jardim Novo Horizonte, Jundiaí",Bn Silva Materiais para Construção,4:57,T4
Linha 04 - Itupeva ,"Av. Carmine Todaro - Jardim Novo Horizonte, Jundiaí",Borracharia do Tatu,5:00,T4
Linha 04 - Itupeva ,"R. Daniel da Silva - Fazenda Grande, Jundiaí",UBS Fazenda Grande,5:04,T4
Linha 04 - Itupeva ,"R. Nancy Carlota Netto, Aeroporto, Jundiaí - Parque Eloy Chaves, Jundiaí",Covabra,5:07,T4
Linha 04 - Itupeva ,"R. Romeu Seckler Machado - Jardim Ermida II, Jundiaí",Coopercica,5:08,T4
Linha 04 - Itupeva ,"Av. Luiz José Sereno - Parque Eloy Chaves, Jundiaí",Fávaro Materiais para Construção,5:09,T4
Linha 04 - Itupeva ,"Av. Antônio Pincinato - Recanto Quarto Centenario, Jundiaí",Hortifruti Kalimera,5:18,T4
Linha 05 - Ivoturucaia ,"Estr. de Ivoturucaia - Ivoturucaia, Jundiaí",Esquina com a Rua das Peras (Divisa com Campo Limpo),4:15,T4
Linha 05 - Ivoturucaia ,"Av. José Mezzalira - Ivoturucaia, Jundiaí",Ponto de Ônibus do Radar,4:17,T4
Linha 05 - Ivoturucaia ,"R. Itupeva - Jardim America IV, Várzea Paulista",Lateral Cemitério,4:23,T4
Linha 05 - Ivoturucaia ,"Av. Dr. Walter Gossner - Ivoturucaia, Jundiaí",Varejão do Povo,4:25,T4
Linha 05 - Ivoturucaia ,"Av. Pacaembu - Jardim America III, Várzea Paulista",STUDIO A Academia,4:26,T4
Linha 05 - Ivoturucaia ,"Av. Pacaembu - Jardim Paulista, Várzea Paulista",Escola Estadual Armando Dias,4:29,T4
Linha 05 - Ivoturucaia ,"R. Itu - Jardim Paulista, Várzea Paulista",Café com Amor,4:32,T4
Linha 05 - Ivoturucaia ,"Av. Tanabi - Jardim America III, Várzea Paulista",Igreja Congregação Cristã do Brasil,4:32,T4
Linha 05 - Ivoturucaia ,"Av. Ouricuri - Jardim America III, Várzea Paulista",Mineirinho Gás,4:33,T4
Linha 05 - Ivoturucaia ,"R. Sambaiba - Jardim America II, Várzea Paulista",Esq. com AV. Tapira,4:35,T4
Linha 05 - Ivoturucaia ,"R. Nipoã - Jardim America II, Várzea Paulista",Mercado Aliança,4:36,T4
Linha 05 - Ivoturucaia ,"Rua Irerê - Jardim America II, Várzea Paulista",Agropet Cristal,4:37,T4
Linha 05 - Ivoturucaia ,"Rua Irerê - Jardim America II, Várzea Paulista",Caixa D‘água,4:38,T4
Linha 05 - Ivoturucaia ,"R. Orós - Jardim America II, Várzea Paulista",Esquina com a Rua Barretos,4:40,T4
Linha 05 - Ivoturucaia ,"R. Barretos - Jardim Novo Mundo, Várzea Paulista",Até entrada do Jardim novo Mundo (Mercado Tradição),4:41,T4
Linha 05 - Ivoturucaia ,"R. João de Barro - Cidade Nova II, Várzea Paulista",Pizzaria deguste,4:44,T4
Linha 05 - Ivoturucaia ,"R. Ricardo Aizza - Cidade Nova II, Várzea Paulista",Congregação Cristã do Brasil,4:45,T4
Linha 05 - Ivoturucaia ,"R. Itirapina - Jardim America I, Várzea Paulista",Ponto de Ônibus Urbano,4:47,T4
Linha 05 - Ivoturucaia ,"R. Guaíba - Jardim America I, Várzea Paulista",Tubolar Elétrictubolar Elétrica E Hidráulicaa E Hidráulica,4:48,T4
Linha 05 - Ivoturucaia ,"Av. Paraibuna - Jardim America I, Várzea Paulista",Dinho Supermercados,4:50,T4
Linha 05 - Ivoturucaia ,"Av. Antônio Frederico Ozanan - Jardim Shangai, Jundiaí",Ponto de Ônibus da antiga Fidelity,4:57,T4
Linha 05 - Ivoturucaia ,"R. Santa Maria - Pte. Sao Joao, Jundiaí",Mercado Oxxo,5:00,T4
Linha 05 - Ivoturucaia ,"Av. Luiz Zorzetti - Pte. Sao Joao, Jundiaí",Ponto de Ônibus Urbano,5:02,T4
Linha 05 - Ivoturucaia ,"R. Dino - Vila Joana, Jundiaí",Congregação Cristã no Brasil - Ponte São João,5:04,T4
Linha 05 - Ivoturucaia ,"R José Belesso Vila Caodaglio, Jundiaí",Centro Automotivo Amaral Pneus,5:05,T4
Linha 05 - Ivoturucaia ,"Av. Antônio Frederico Ozanam, Jardim Shangai, Jundiaí",Posto Shell,5:08,T4
Linha 05 - Ivoturucaia ,"Av. Antônio Frederico Ozanam, Hortolândia, Jundiaí",Ponto do Jardim Botanico,5:11,T4
Linha 05 - Ivoturucaia ,"Av. Armando Giassetti - Engordadouro, Jundiaí",Unip,5:17,T4
Linha 05 - Ivoturucaia ,"Rod. Dom Gabriel Paulino Bueno Couto, Distrito Industrial, Jundiaí",Posto Centenário,5:19,T4
Linha 06 - Louveira ,"R. Armando Steck - Centro, Louveira, Louveira ",Ponto em frente a estação de Louveira Sentido Vinhedo,4:10,T4
Linha 06 - Louveira ,"R. Recife, Terra Nobre, Louveira ",Esquina com Rua Fortaleza,4:17,T4
Linha 06 - Louveira ,"R. Antônio Bonesso - Santo Antonio, Louveira",Fareva Louveira,4:23,T4
Linha 06 - Louveira ,"R. Evaristo Cavali, Jardim Esmeralda, Louveira ",MultiDrogas,4:24,T4
Linha 06 - Louveira ,"R. das Rosas, Jardim Lago Azul, Louveira ",Casa de Cultura,4:26,T4
Linha 06 - Louveira ,"R. Santo Scarance - Res. Serra Azul, Louveira",Praça Pedro Sanches,4:28,T4
Linha 06 - Louveira ,"R. Mario Betti - Jardim Vista Alegre, Louveira",UBS Vista Alegre,4:32,T4
Linha 06 - Louveira ,"R. Pedro Chicalhone - Jardim Diamante, Louveira",Vai de Smash - Hamburgueria Louveira,4:33,T4
Linha 06 - Louveira ,"R. João Pagotto - Aglomeração Urbana de Jundiaí, Louveira",Açougue Boi do Forte Sto Antônio,4:34,T4
Linha 06 - Louveira ,"Av. José Laércio Beviláqua - Irmãos Chiquetto, Louveira",Fármacia / Drogaria Brasil Louveira,4:36,T4
Linha 06 - Louveira ,"Av da Uva - Res. Água Doce, Jundiaí",Mercado Água Doce,4:48,T4
Linha 06 - Louveira ,"R. Adelino Martins - Jd das Tulipas, Jundiai",Mercado Xavier,4:59,T4
Linha 06 - Louveira ,"R. Adelino Martins - Jd das Tulipas, Jundiai",Igreja Universal,5:01,T4
Linha 06 - Louveira ,"R. Adelino Martins - Jd das Tulipas, Jundiai",Fernandes Gás,5:04,T4
Linha 07 - Cidade Nova ,"R. Florindo Zambon, Cidade Nova, Jundiaí ",Mercado Flores,4:10,T4
Linha 07 - Cidade Nova ,"Av. Atibaia, Jardim Tamoio, Jundiaí ",Ponto da Praça Pedro Bonomi,4:12,T4
Linha 07 - Cidade Nova ,"R. Adamantina, Jardim Tamoio, Jundiaí ",Padaria Belém,4:13,T4
Linha 07 - Cidade Nova ,"R. Carlos Humel Guimarães, Jardim Tamoio, Jundiaí ",Ponto da Escola Vereador João Batista Toledo,4:15,T4
Linha 07 - Cidade Nova ,"R. Palmeira dos Índios, Vila Ruy Barbosa, Jundiaí ",Ponto de Ônibus Urbano,4:16,T4
Linha 07 - Cidade Nova ,"Av. Bento do Amaral Gurgel, Vila Nambi, Jundiaí ",Farmácia Estrela,4:18,T4
Linha 07 - Cidade Nova ,"Av. Bento do Amaral Gurgel, Vila Nambi, Jundiaí ",Escola Hilda Maria Alves Paschoalotto,4:19,T4
Linha 07 - Cidade Nova ,"R. Ângelo Corradini, Vila Nambi, Jundiaí ",Ponto da Escola Janet Ferreira Prado,4:21,T4
Linha 07 - Cidade Nova ,"R. Ângelo Corradini 400 , Vila Nambi, Jundiaí ",Condomínio Vista Park,4:21,T4
Linha 07 - Cidade Nova ,"Av. dos Imigrantes Italianos, Núcleo Colonial Barao de Jundiaí, Jundiaí ",Terminal Colônia,4:27,T4
Linha 07 - Cidade Nova ,"Av. Giustiniano Borin, Caxambu, Jundiaí ",Padaria Conquista,4:31,T4
Linha 07 - Cidade Nova ,"Av. Giustiniano Borin, Jundiaí Mirim, Jundiaí ",Condomínio Gênova,4:31,T4
Linha 07 - Cidade Nova ,"R. Padre Romã, Jardim São Camilo, Jundiaí ",Emporio do Kit,4:33,T4
Linha 07 - Cidade Nova ,"Av. São Camilo, Jardim Sao Camilo, Jundiaí ",Ponto de Ônibus Urbano,4:35,T4
Linha 07 - Cidade Nova ,"R. Espírito Santo, Jardim Tarumã, Jundiaí ",Igreja Congregração Cristã do Brasil,4:37,T4
Linha 07 - Cidade Nova ,"R. Rio de Janeiro, Jardim Tarumã, Jundiaí ",Mundo Pet Casa de Ração,4:38,T4
Linha 07 - Cidade Nova ,"R. Pará, Jardim Tarumã, Jundiaí ",Supermercado Tarumã,4:40,T4
Linha 07 - Cidade Nova ,"Av. Capitão Francisco Copelli, Jardim Tarumã, Jundiaí ",Menor Preço Supermercado,4:43,T4
Linha 07 - Cidade Nova ,"Av. Humberto Cereser, Jundiaí Mirim, Jundiaí ",Posto Jundiaí Mirim,4:45,T4
Linha 07 - Cidade Nova ,"Rod. Ver Geraldo Dias, Parque Centenário, Jundiaí ",Rotatória Terra da Uva,4:54,T4
Linha 07 - Cidade Nova ,"Av. André Costa, Chácara Morada Mediterrânea, Jundiaí ",Supermercado Morada,4:56,T4
Linha 07 - Cidade Nova ,"R. Uva Niágara, CECAP, Jundiaí ",Gastaldo Lanchonete,4:59,T4
Linha 07 - Cidade Nova ,"R. Miguel Hilário Navarrete Sanches, Vila Marlene, Jundiaí ",Ponto de Ônibus Urbano,5:06,T4
Linha 07 - Cidade Nova ,"R. Palmira Cervi Bárbaro, Cidade Santos Dumont, Jundiaí ",Trigo Fino Pizzaria,5:08,T4
Linha 07 - Cidade Nova ,"R. Itirapina, Vila Lacerda, Jundiaí ",Carecas Bar,5:11,T4
Linha 07 - Cidade Nova ,"R. Dr. Benedito de Godói Ferraz, Jardim Shangai, Jundiaí ",Condomínio Residencial Hortolândia III,5:13,T4
Linha 07 - Cidade Nova ,"Av. Pref. Luis Latorre, Retiro, Jundiaí ",Churrascaria da fazenda,5:15,T4
Linha 07 - Cidade Nova ,"Av Armando Giassetti, Engordadouro, Jundiaí ",Polimix Concretos,5:18,T4
Linha 07 - Cidade Nova ,"Rod. Dom Gabriel Paulino Bueno Couto, Distrito Industrial, Jundiaí ",Posto Centenário,5:21,T4
01 - Campo Limpo,R. Águas da Prata - Colina Do Pontal - Campo Limpo Pta,KJ Mini Mercado e Padaria,05:40,ADMSEXTA
01 - Campo Limpo,R. Bauru - Colina Do Pontal - Campo Limpo Pta,Esquina com a Rua Descalvado,05:45,ADMSEXTA
01 - Campo Limpo,R. Borborema - Colina Do Pontal - Campo Limpo Pta,Praça,05:48,ADMSEXTA
01 - Campo Limpo,R. João Julião Moreira - Vila Constança - Campo Limpo Pta,Sorveteira Alegria,05:49,ADMSEXTA
01 - Campo Limpo,Av. Casa Branca - Vila Constança - Campo Limpo Pta,Emeif Vereador Jose De Souza Charrua,05:50,ADMSEXTA
01 - Campo Limpo,Av. Casa Branca - Vila Constança - Campo Limpo Pta,Escola de Missões das Assembléias de Deus,05:51,ADMSEXTA
01 - Campo Limpo,Av. Casa Branca - Vila Constança - Campo Limpo Pta,Esquina com a Rua Tito,05:52,ADMSEXTA
01 - Campo Limpo,Av. Casa Branca - Vila Constança - Campo Limpo Pta,Esquina com a Rua Visconde de Taunay,05:54,ADMSEXTA
01 - Campo Limpo,R. Itália - Jd. Europa - Campo Limpo Pta,Bar da Dalva,05:56,ADMSEXTA
01 - Campo Limpo,R. Alemanha - Jd. Europa - Campo Limpo Pta,Esquina com a Rua Holanda,05:57,ADMSEXTA
01 - Campo Limpo,R. Suíça - Jd. Europa - Campo Limpo Pta,Esquina com a Rua Espanha,05:58,ADMSEXTA
01 - Campo Limpo,Av. Antônio Di Gióia - California - Campo Limpo Pta,Depósito de gás,06:00,ADMSEXTA
01 - Campo Limpo,Av. Antônio Di Gióia - California - Campo Limpo Pta,Condomínio Los Angeles,06:01,ADMSEXTA
01 - Campo Limpo,Av. Antônio Di Gióia - California - Campo Limpo Pta,Mello Mercado,06:02,ADMSEXTA
01 - Campo Limpo,Av. Antônio Di Gióia - California - Campo Limpo Pta,Lanches Ignes,06:03,ADMSEXTA
01 - Campo Limpo,Estr. Bragantina - São Jose 1 - Campo Limpo Pta,Padaria Brunella,06:05,ADMSEXTA
01 - Campo Limpo,Estr. Bragantina - Jd. Santa Maria - Campo Limpo Pta,Padaria Santa Maria,06:06,ADMSEXTA
01 - Campo Limpo,R. Dama da Noite - Pq. Internacional - Campo Limpo Pta,Assembléia de Deus Belém,06:07,ADMSEXTA
01 - Campo Limpo,Av. Amazonas - Pq. Internacional - Campo Limpo Pta,Escola Georgina Helena Fortarel,06:08,ADMSEXTA
01 - Campo Limpo,Estrada do Garcia - Jd. Marchetti - Campo Limpo Pta,Esquina com a Rua Antenor Soares,06:11,ADMSEXTA
01 - Campo Limpo,Avenida Alfried Krupp - Jd. Europa - Campo Limpo Pta,Hospital de Clínicas,06:15,ADMSEXTA
01 - Campo Limpo,Av. dos Emancipadores - Centro - Campo Limpo Pta,Posto de Combustível BR,06:17,ADMSEXTA
01 - Campo Limpo,Av. Adherbal da Costa Moreira - Centro - Campo Limpo Pta,Lojas Cem,06:18,ADMSEXTA
01 - Campo Limpo,R. Primeiro de Dezembro - Jd. Marsola - Campo Limpo Pta,Quadra de Areia,06:20,ADMSEXTA
01 - Campo Limpo,Av. Adherbal da Costa Moreira - Centro - Campo Limpo Pta,Depósito Figueira Branca,06:22,ADMSEXTA
01 - Campo Limpo,Rua Antonio Farina - Jd. América - Campo Limpo Pta,Deposito Figueira Branca (Lateral),06:23,ADMSEXTA
01 - Campo Limpo,Av. João Amato - Jd. America - Campo Limpo Pta,Só Piso,06:24,ADMSEXTA
01 - Campo Limpo,Av. Marginal do Rio Jundiaí - Jd. Paulista - Varzea Paulista,J W V Comércio,06:28,ADMSEXTA
01 - Campo Limpo,Viaduto Emancipadores - Centro - Varzea Paulista,Sem Ponto,06:33,ADMSEXTA
01 - Campo Limpo,Av. Fernão Dias Paes Leme - Centro - Varzea Paulista,Prefeitura de Várzea Paulista,06:35,ADMSEXTA
01 - Campo Limpo,Av. Fernão Dias Paes Leme - Centro - Varzea Paulista,Habib's,06:38,ADMSEXTA
01 - Campo Limpo,Av. Fernão Dias Paes Leme - Centro - Varzea Paulista,Caedu,06:39,ADMSEXTA
01 - Campo Limpo,Rua Várzea Paulista - Agapeama - Jundiaí,Ricoy,06:43,ADMSEXTA
01 - Campo Limpo,Rua Várzea Paulista - Agapeama - Jundiaí,Rally Decorações,06:45,ADMSEXTA
01 - Campo Limpo,R. José Maria Marinho - Vila Agricola - Jundiaí,Amarati,06:47,ADMSEXTA
01 - Campo Limpo,Av. Ferroviários - Vila Arens - Jundiaí,Terminal Vila Arens,06:50,ADMSEXTA
01 - Campo Limpo,Rua 15 de Novembro - Vila Arens - Jundiaí,Sem Ponto,06:53,ADMSEXTA
01 - Campo Limpo,Rua José do Patrocinio - Vila Arens - Jundiaí,Argos,06:54,ADMSEXTA
01 - Campo Limpo,Rua Atilio Vianelo - Vianelo - Jundiaí,Sem Ponto,06:56,ADMSEXTA
01 - Campo Limpo,Rua da Saúde - Vianelo - Jundiaí,Igreja Jesus Cristo é o Senhor,06:58,ADMSEXTA
01 - Campo Limpo,R. Baronesa do Japi - Centro - Jundiaí,Sem Ponto,07:00,ADMSEXTA
01 - Campo Limpo,R. Cel. Leme da Fonseca - Centro - Jundiaí,Droga Raia,07:01,ADMSEXTA
01 - Campo Limpo,Viaduto Avenida Jundiaí - Anhangabaú - Jundiaí,Ponto de Ônibus Urbano,07:02,ADMSEXTA
01 - Campo Limpo,Av. Jundiaí - Anhangabaú - Jundiaí,Festa da Uva,07:05,ADMSEXTA
01 - Campo Limpo,Rod. Anhanguera - Retiro - Jundiaí,Passarela Carrefour,07:08,ADMSEXTA
01 - Campo Limpo,Rod. Dom Gabriel Paulino Couto - Distrito Industrial - Jundiaí,Posto Centenário,07:13,ADMSEXTA
02 - Botujuru,R. Bela Vista - Botujuru - Campo Limpo Pta,Terminal Botujuru,06:05,ADMSEXTA
02 - Botujuru,R. Bela Vista - Botujuru - Campo Limpo Pta,Estação Ferroviária de Botujuru,06:06,ADMSEXTA
02 - Botujuru,Estr. Faustino Bizeto - Botujuru - Campo Limpo Pta,Lanchonete e sorveteria Maga,06:08,ADMSEXTA
02 - Botujuru,Estr. Faustino Bizeto - Botujuru - Campo Limpo Pta,Açai da Praça,06:09,ADMSEXTA
02 - Botujuru,R. Francisco Miguel - Centro - Campo Limpo Pta,Mega Real,06:14,ADMSEXTA
02 - Botujuru,R. Aníbal Lopes da Fonseca - Centro - Campo Limpo Pta,Praça Castelo Branco,06:15,ADMSEXTA
02 - Botujuru,R. Marechal Deodoro da fonseca - Centro - Campo Limpo Pta,Fórum,06:16,ADMSEXTA
02 - Botujuru,Av. Dom Pedro I - Jd. Guanciale - Campo Limpo Pta,Rápido Luxo Campinas,06:18,ADMSEXTA
02 - Botujuru,Av. 21 de Março - Jd. Felicidade - Varzea Paulista,3ª Companhia da Polícia Militar,06:21,ADMSEXTA
02 - Botujuru,R. Inglaterra - Jd. Promeca - Varzea Paulista,Ponto de Ônibus Urbano,06:23,ADMSEXTA
02 - Botujuru,R. Victorio Spinucci - Jd. Promeca - Varzea Paulista,Panificadora & Confeitaria Trigal,06:25,ADMSEXTA
02 - Botujuru,Av. Duque de Caxias - Centro Varzea Pta - Varzea Paulista,Shopping Alegria,06:27,ADMSEXTA
02 - Botujuru,Av. Ipiranga - Centro Varzea Pta - Varzea Paulista,Espaço Cidadania,06:37,ADMSEXTA
02 - Botujuru,Av. Fernão dias Paes Leme - Centro Varzea Pta - Varzea Paulista,Banco do Brasil,06:41,ADMSEXTA
02 - Botujuru,Av. Fernão dias Paes Leme - Maria de Fatima - Varzea Paulista,Lojas Cem,06:43,ADMSEXTA
02 - Botujuru,Av. Fernão dias Paes Leme - Vila Cristo - Várzea Divisa Jundiaí,Caixa Econômica Federal,06:44,ADMSEXTA
02 - Botujuru,R. Olivio Moro - Buriti - Várzea Divisa Jundiaí,Mercado Dinho,06:49,ADMSEXTA
02 - Botujuru,R. Mathias Mucha - Buriti - Jundiaí,Mecânica Doda,06:50,ADMSEXTA
02 - Botujuru,Av. Nações Unidas - Vila Esperança - Jundiaí,Área de Lazer Ivete do Carmo (Parquinho),06:51,ADMSEXTA
02 - Botujuru,R. Guilherme Augusto Baad - Vila Esperança - Jundiaí,Ponto de Ônibus Urbano,06:52,ADMSEXTA
02 - Botujuru,R. Ricardo Gobbo - Vila Esperança - Jundiaí,Ponto de Ônibus Urbano,06:53,ADMSEXTA
02 - Botujuru,R. Elizia Machado Benassi - Cidade Jardim - Jundiaí,Residencial Orquídea,06:54,ADMSEXTA
02 - Botujuru,R. Elizia Machado Benassi - Cidade Jardim - Jundiaí,Residencial Magnólia,06:55,ADMSEXTA
02 - Botujuru,R. Vítor Marcelo de Castro - Cidade Jardim - Jundiaí,Mercearia e Padaria Center Pão,06:56,ADMSEXTA
02 - Botujuru,R. Pedro Kramer - Cidade Jardim - Jundiaí,Ponto de Ônibus Urbano,06:57,ADMSEXTA
02 - Botujuru,R. Juraci Paupério - Cidade Jardim - Jundiaí,Arena Pizza,06:58,ADMSEXTA
02 - Botujuru,R. Rachid Jorge Cury - Jd. Do Lago - Jundiaí,Ponto de Ônibus Urbano,07:00,ADMSEXTA
02 - Botujuru,Av. Samuel Martins - Vila Progresso - Jundiaí,Posto Shell,07:03,ADMSEXTA
02 - Botujuru,R. Santa Catarina - Jd. Esplanada - Jundiaí,Ponto de Ônibus Urbano,07:04,ADMSEXTA
02 - Botujuru,R. Zuferey - Jd. Esplanada - Jundiaí,Ponto de Ônibus Urbano,07:05,ADMSEXTA
02 - Botujuru,R. Lestapis - Vl . Isabel - Jundiaí,Ponto de Ônibus Urbano,07:06,ADMSEXTA
02 - Botujuru,Rua São luiz - Vl . Isabel - Jundiaí,Ponto de Ônibus Urbano,07:07,ADMSEXTA
02 - Botujuru,R. Cica - Jd. Cica - Jundiaí,Telha Norte,07:08,ADMSEXTA
02 - Botujuru,R. Messina - Jd. Messian - Jundiaí,Sobam,07:09,ADMSEXTA
02 - Botujuru,Av.Nove de Julho - Jd. Paulista - Jundiaí,Rodoviária,07:14,ADMSEXTA
02 - Botujuru,Marginal Rod. Anhanguera - Anhangabaú - Jundiaí,Sem Ponto,07:16,ADMSEXTA
02 - Botujuru,Rod. Anhanguera - Retiro - Jundiaí,Passarela Carrefour,07:18,ADMSEXTA
02 - Botujuru,Rod. Dom Gabriel Paulino Couto - Distrito Industrial - Jundiaí,Posto Centenário,07:22,ADMSEXTA
03 - Caieiras,Av. Renata Bianchi - Vila Rosina - Caieiras,AMBEV - CDD Norte,05:40,ADMSEXTA
03 - Caieiras,Rod. Pres. Tancredo de Almeida Neves - Serpa - Caieiras,McDonald's,05:47,ADMSEXTA
03 - Caieiras,Av. dos Expedicionarios - Centro - Franco da Rocha,Shopping Franco da Rocha,05:55,ADMSEXTA
03 - Caieiras,R. Basílio Fazzi - Centro - Franco da Rocha,McDonald's,05:56,ADMSEXTA
03 - Caieiras,R. Benedito Fagundes Marques - Centro - Franco da Rocha,Posto Zebrinha,05:59,ADMSEXTA
03 - Caieiras,R. Paoli - Vila Irma - Franco da Rocha,Friomaq,06:00,ADMSEXTA
03 - Caieiras,R. Tiradentes - Vila Bazu - Franco da Rocha,Padaria - Bazu Paes e Doces,06:01,ADMSEXTA
03 - Franco da Rocha,Av. São Paulo - Parque Paulista - Franco da Rocha,Igreja universal,06:10,ADMSEXTA
03 - Franco da Rocha,Av. São Paulo - Parque Paulista - Francisco Morato,Ponto do Deposito Oliveira,06:12,ADMSEXTA
03 - Franco da Rocha,Av. São Paulo - Parque Paulista - Francisco Morato,Morato Motos,06:14,ADMSEXTA
03 - Franco da Rocha,R. Gerônimo Caetano Garcia - Centro - Francisco Morato,Ponto das lojas Cem,06:18,ADMSEXTA
03 - Franco da Rocha,R. João Mendes Júnior - Jardim Prof. Francisco Morato - Francisco Morato,Esplanada Móveis,06:20,ADMSEXTA
03 - Franco da Rocha,Rod. Manoel Silverio Pinto - Belem Estacao - Francisco Morato,Hospital Estadual de Francisco Morato - Lacaz,06:23,ADMSEXTA
03 - Franco da Rocha,Rod. Manoel Silverio Pinto - Jardim Sinobe - Francisco Morato,Prefeitura Municipal de Francisco Morato,06:25,ADMSEXTA
03 - Franco da Rocha,Rod. Manoel Silverio Pinto - Jardim dos Bandeirantes - Franco da Rocha,Federzoni Casa & Construção - Bandeirantes,06:29,ADMSEXTA
04 - Itupeva,R. Geraldo Ferraz - Monte Serrat - Itupeva,Caixa D'água,05:50,ADMSEXTA
04 - Itupeva,R. Vicente Tonoli - Monte Serrat - Itupeva,Recanto Nordestino,05:52,ADMSEXTA
04 - Itupeva,Praça São Paulo - Centro - Itupeva,Rodoviária de Itupeva,05:58,ADMSEXTA
04 - Itupeva,Rua Emancipadores do Municipio - Centro - Itupeva,Latorre Pizzaria,06:00,ADMSEXTA
04 - Itupeva,Rod. Vice Pref. Hermenegildo Tonoli - Jd. Ana Luiza - Itupeva,Supermercado Monte Serrat,06:01,ADMSEXTA
04 - Itupeva,R. Francisco Cardoso da Silva - Portal da Santa Fe - Itupeva,Creche Iolanda Carlos,06:02,ADMSEXTA
04 - Itupeva,R. José Virillo - Portal da Santa Fe - Itupeva,Mercado Big Bom,06:03,ADMSEXTA
04 - Itupeva,Rua Claudina Zumstein Betelli - Portal da Santa Fe - Itupeva,Ponto de ônibus Urbano,06:04,ADMSEXTA
04 - Itupeva,Rod. Vice Pref. Hermenegildo Tonoli - Santa Julia - Itupeva,Ponto em Frente a Placa Jesus Cristo Senhor de Itupeva,06:05,ADMSEXTA
04 - Itupeva,Av. Francisco Nobre - Medeiros - Jundiaí,Mini Shopping Sarapiranga,06:12,ADMSEXTA
04 - Itupeva,Av. João Gonçalves dos Réis - Medeiros - Jundiaí,Tato Colégio,06:14,ADMSEXTA
04 - Itupeva,Av. Reynaldo de Porcari - Medeiros - Jundiaí,Chácara das Palmeiras Imperiais,06:17,ADMSEXTA
04 - Itupeva,Av. José Benassi - Jd. Ana Luiza - Itupeva,Posto de Gasolina Fazgran,06:22,ADMSEXTA
04 - Itupeva,Av. José Benassi - Res. Jundiaí - Jundiaí,Condomínio Gaivotas,06:24,ADMSEXTA
04 - Itupeva,Av. Eunice Cavalcante de Souza Queirós - Res. Jundiaí - Jundiaí,Escola Rola Bola,06:27,ADMSEXTA
04 - Itupeva,Av. Prof. Raymundo Faggiano - Pq. Almerinda Chaves - Jundiaí,Peg Pag,06:29,ADMSEXTA
04 - Itupeva,R. Mariano Latorre - Pq. Almerinda Chaves - Jundiaí,Lava Car Radar,06:30,ADMSEXTA
04 - Itupeva,Av. Francisco Roveri - Pq. Almerinda Chaves - Jundiaí,Mercado Aliança,06:31,ADMSEXTA
04 - Itupeva,Est. Mun. do Varjão - Jd. Novo Horizonte - Jundiaí,Mercado Monteiro,06:34,ADMSEXTA
04 - Itupeva,Av. Cesar Brunholli - Jd. Tulipas - Jundiaí,Pq. Botanico Tulipas,06:42,ADMSEXTA
04 - Itupeva,Av. Adelino Martins - Jd. Tulipas - Jundiaí,Mercado Xavier,06:50,ADMSEXTA
04 - Itupeva,Av. Cesar Brunholli - Jd. Tulipas - Jundiaí,Pq. Botanico Tulipas,06:55,ADMSEXTA
04 - Itupeva,Av. Henrique Brunini - Fazenda Grande - Jundiaí,Escola Marly de Marco Mendes,06:58,ADMSEXTA
04 - Itupeva,Rua Daniel da Silva - Fazenda Grande - Jundiaí,UBS,07:00,ADMSEXTA
04 - Itupeva,R. Nancy Carlota Netto - Eloy Chaves - Jundiaí,Ponto de Ônibus Urbano,07:05,ADMSEXTA
04 - Itupeva,R. Romeu Seckler Machado - Eloy Chaves - Jundiaí,Coopercica,07:06,ADMSEXTA
04 - Itupeva,Av. Luis Jose Sereno - Eloy Chaves - Jundiaí,Terminal Eloy Chaves,07:07,ADMSEXTA
04 - Itupeva,R. Dante Belodi - Eloy Chaves - Jundiaí,Borracharia Eloy,07:08,ADMSEXTA
04 - Itupeva,AV. Benedicto Castilho de Andrade - Eloy Chaves - Jundiaí,Correios - Eloy Chaves,07:10,ADMSEXTA
04 - Itupeva,Av. Antônio Pincinato - Rec. Quarto Centenario - Jundiaí,Condomínio Altissími,07:17,ADMSEXTA
04 - Itupeva,Av. Amélia Latorre - Jd. Guanabara - Jundiaí,Agro Retiro Comércio Rações,07:19,ADMSEXTA
04 - Itupeva,Av. João Antonio Meccatti - Jd. Planalto - Jundiaí,Veredas Motel,07:23,ADMSEXTA
04 - Itupeva,Rod. Dom Gabriel Paulino Couto - Distrito Industrial - Jundiaí,Posto Centenário,07:27,ADMSEXTA
05 - Varzea Paulista,Estr. da Figueira Branca - Figueira Branca - Campo Limpo Paulista,Estação Telefonica,05:50,ADMSEXTA
05 - Varzea Paulista,R. Arcangelo Bianchini - Ivoturucaia - Jundiaí,Monsenhor Venerando Nalini,06:05,ADMSEXTA
05 - Varzea Paulista,Av. Dr. Walter Gossner - Jd. America 4 - Varzea Paulista,Posto Serrano,06:08,ADMSEXTA
05 - Varzea Paulista,R. Parati - Jd. America 4 - Varzea Paulista,Lateral Cemitério,06:09,ADMSEXTA
05 - Varzea Paulista,R. Itupeva - Jd. America 4 - Varzea Paulista,Esquina com a Rua Paratí,06:10,ADMSEXTA
05 - Varzea Paulista,Av. Pacaembu - Jd. Paulista - Varzea Paulista,Escola Estadual Armando Dias,06:15,ADMSEXTA
05 - Varzea Paulista,Av. Pacaembu - Jd. Paulista - Varzea Paulista,Panobianco,06:17,ADMSEXTA
05 - Varzea Paulista,R. Itu - Jd. Paulista - Varzea Paulista,Ponto de Ônibus Urbano,06:19,ADMSEXTA
05 - Varzea Paulista,Av. São Vicente - Jd. Paulista - Varzea Paulista,Quadra de areia,06:20,ADMSEXTA
05 - Varzea Paulista,Av. Tanabi - Jd. America 3 - Varzea Paulista,Igreja Congregação,06:21,ADMSEXTA
05 - Varzea Paulista,Av. Pequerí - Jd. America 3 - Varzea Paulista,Mineirinho Gás,06:22,ADMSEXTA
05 - Varzea Paulista,Av. Tapira - Jd. America 3 - Varzea Paulista,Ponto de Ônibus Urbano,06:23,ADMSEXTA
05 - Varzea Paulista,R. Tupã - Jd. America 2 - Varzea Paulista,Ponto de Ônibus Urbano,06:24,ADMSEXTA
05 - Varzea Paulista,R. Nipoã - Jd. America 2 - Varzea Paulista,Mercado Aliança,06:25,ADMSEXTA
05 - Varzea Paulista,R. Irerê - Jd. America 2 - Varzea Paulista,Caixa D'água,06:26,ADMSEXTA
05 - Varzea Paulista,R. Orós - Jd. America 2 - Varzea Paulista,Esquina com a Rua Barretos,06:27,ADMSEXTA
05 - Varzea Paulista,R. Barretos - Jd. Novo Mundo - Varzea Paulista,Até entrada do Jardim novo Mundo,06:28,ADMSEXTA
05 - Varzea Paulista,R. Marabá - Jd. América 1 - Varzea Paulista,Portal da Comida,06:30,ADMSEXTA
05 - Varzea Paulista,R. Guaiba - Jd. América 1 - Varzea Paulista,Ponto de Ônibus Urbano,06:31,ADMSEXTA
05 - Varzea Paulista,R. Itirapina - Jd. América 1 - Varzea Paulista,Ponto de Ônibus Urbano,06:32,ADMSEXTA
05 - Varzea Paulista,R. Ricardo Aizza - Cidade Nova 2 - Varzea Paulista,Igreja Congregação,06:33,ADMSEXTA
05 - Varzea Paulista,R. José Artur Savieto - Cidade Nova 2 - Jundiaí,Kaza Condomínio Club,06:34,ADMSEXTA
05 - Varzea Paulista,R. Francisco Cao - Cidade Nova 2 - Jundiaí,Ponto de Ônibus Urbano,06:35,ADMSEXTA
05 - Varzea Paulista,Av. Moisés Raphael - Cidade Nova 2 - Jundiaí,Ponto de Ônibus Urbano,06:36,ADMSEXTA
05 - Varzea Paulista,R. Florindo Zambon - Cidade Nova 2 - Jundiaí,Mercado Flores,06:37,ADMSEXTA
05 - Varzea Paulista,R. Atibaia - Cidade Nova 2 - Jundiaí,Praça,06:39,ADMSEXTA
05 - Varzea Paulista,R. Alfredo Pizzocaro - Tamoio - Jundiaí,Padaria Belém,06:40,ADMSEXTA
05 - Varzea Paulista,R. Adamantina - Tamoio - Jundiaí,Adega S.O.S,06:41,ADMSEXTA
05 - Varzea Paulista,Av. Carlos Ângelo Mathion - Tamoio - Jundiaí,Igreja Universal,06:42,ADMSEXTA
05 - Varzea Paulista,R. Carlos Humel Guimarães - Tamoio - Jundiaí,Ponto de Ônibus Urbano,06:43,ADMSEXTA
05 - Varzea Paulista,R. São José dos Campos - Vila Nambi - Jundiaí,Ponto de Ônibus Urbano,06:44,ADMSEXTA
05 - Varzea Paulista,R. Palmeira dos Índios - Vila Nambi - Jundiaí,Ponto de Ônibus Urbano,06:45,ADMSEXTA
05 - Varzea Paulista,Av. Bento do Amaral Gurgel - Vila Nambi - Jundiaí,Farmácia Estrela,06:46,ADMSEXTA
05 - Varzea Paulista,R. Santa Maria - Pte. São João - Jundiaí,Mercado Oxxo,06:55,ADMSEXTA
05 - Varzea Paulista,Av. Luiz Zorzetti - Pte. São João - Jundiaí,Ponto de Ônibus Urbano,07:01,ADMSEXTA
05 - Varzea Paulista,R. Dino - Pte. São João - Jundiaí,Ponto de Ônibus Urbano,07:03,ADMSEXTA
05 - Varzea Paulista,R. José Belesso - Pte. São João - Jundiaí,Centro Automotivo Amaral Pneus,07:04,ADMSEXTA
05 - Varzea Paulista,Av. Antônio Frederico Ozanan - Vl. Rio Branco - Jundiaí,Posto Shell,07:07,ADMSEXTA
05 - Varzea Paulista,Av. Antônio Frederico Ozanan - Vl. Rio Branco - Jundiaí,Maxi Shopping,07:10,ADMSEXTA
05 - Varzea Paulista,Av. Pref. Luis Latorre - Vl. Hortencias - Jundiaí,Churrascaria da fazenda,07:13,ADMSEXTA
05 - Varzea Paulista,Av. Armando Giassetti - Jd. São Mirim - Jundiaí,Ponto de Ônibus Urbano,07:17,ADMSEXTA
05 - Varzea Paulista,Rod. Dom Gabriel Paulino Couto - Distrito Industrial - Jundiaí,Posto Centenário,07:23,ADMSEXTA
06 - Louveira,R. Itirapina - Hortolandia - Jundiaí,Ponto de Ônibus Urbano,06:00,ADMSEXTA
06 - Louveira,R. Palmira Cervi Barbaro - Hortolandia - Jundiaí,Ponto de Ônibus Urbano,06:02,ADMSEXTA
06 - Louveira,Rod. Ver. Geraldo Dias - Hortolandia - Jundiaí,Terminal Hortolandia,06:05,ADMSEXTA
06 - Louveira,Av. Bento Figueiredo - Vl. Marlene - Jundiaí,Ponto de Ônibus Urbano (Posto Shell),06:06,ADMSEXTA
06 - Louveira,Av. José Bulisani - Vl. Marlene - Jundiaí,Ponto de Ônibus Urbano,06:06,ADMSEXTA
06 - Louveira,Av. Prof. Pedro Clarismundo Fornari - Engordadouro - Jundiaí,sem Ponto,06:07,ADMSEXTA
06 - Louveira,Rod. Vereador Geraldo Dias - Torres São José - Jundiaí,Rotatória Terra da Uva,06:10,ADMSEXTA
06 - Louveira,Rod. Vereador Geraldo Dias - Cecap - Jundiaí,Terminal CECAP,06:13,ADMSEXTA
06 - Louveira,R. Alceu de Toledo Pontes - Cecap - Jundiaí,Ponto de Ônibus Urbano,06:14,ADMSEXTA
06 - Louveira,R. Dr. Nelson Martinho - Cecap - Jundiaí,Ponto de Ônibus Urbano,06:14,ADMSEXTA
06 - Louveira,R. Uva Niagara - Morada das Vinhas - Jundiaí,Gastaldo Lanchonete,06:16,ADMSEXTA
06 - Louveira,R. Uva Niagara - Morada das Vinhas - Jundiaí,Associação Cristã (ACDC),06:17,ADMSEXTA
06 - Louveira,Av. Andre Costa - Morada das Vinhas - Jundiaí,Supermercado Morada,06:22,ADMSEXTA
06 - Louveira,Rod. Ver. Geraldo Dias - Centro - Louveira,Estação Ferroviária de Louveira,06:32,ADMSEXTA
06 - Louveira,R. Ângelo Steck - Pq. Dos Estados - Louveira,Condomínio Villaggio Dei Fiori,06:34,ADMSEXTA
06 - Louveira,Rod. Romildo Prado - Pq. Dos Estados - Louveira,Parque da Cidade,06:37,ADMSEXTA
06 - Louveira,R. Geraldo Burck - Burck - Louveira,Mercado Primavera,06:38,ADMSEXTA
06 - Louveira,R. Antônio Bonesso - Santo Antonio - Louveira,Bosque do Burck,06:40,ADMSEXTA
06 - Louveira,R. Santo Miqueletto - Santo Antonio - Louveira,Marcelo Tapeceiro,06:42,ADMSEXTA
06 - Louveira,R. Luiz Montelato - Santo Antonio - Louveira,Juju Variedades,06:44,ADMSEXTA
06 - Louveira,R. Evaristo Cavali - Santo Antonio - Louveira,MultiDrogas,06:46,ADMSEXTA
06 - Louveira,R. das Rosas - Santo Antonio - Louveira,Casa de Cultura,06:47,ADMSEXTA
06 - Louveira,R. Armando Bertie - Santo Antonio - Louveira,Praça Pedro Sanches,06:49,ADMSEXTA
06 - Louveira,R. Nerina - Santo Antonio - Louveira,Posto Shell,06:51,ADMSEXTA
06 - Louveira,Av. Paulo Prado - Santo Antonio - Louveira,Ponto de Ônibus Urbano,06:52,ADMSEXTA
06 - Louveira,Av. Comendador Antonio Carbonari - Traviu - Jundiaí,Ponto de Ônibus Urbano,06:58,ADMSEXTA
06 - Louveira,Av. da Uva - Bairro do Poste - Jundiaí,Mercado Água Doce,07:04,ADMSEXTA
06 - Louveira,Rod. Anhanguera - Dristrito Industrial - Jundiaí,sem ponto,07:13,ADMSEXTA
06 - Louveira,Av. Armando Giassetti - Dristrito Industrial - Jundiaí,Polimix - Sent. UNIP,07:15,ADMSEXTA
06 - Louveira,Rod. Dom Gabriel Paulino Couto - Distrito Industrial - Jundiaí,Posto Centenário,07:17,ADMSEXTA
07 - Jarinu,Estr. Mun. Atilio Squizato - Roseiral - Jarinu,Praça do Roseiral,05:55,ADMSEXTA
07 - Jarinu,Rua Selly - Maracana - Jarinu,Esquina com Av. Dinah de Barros,06:11,ADMSEXTA
07 - Jarinu,Av. Dinah de Barros - Maracana - Jarinu,Deposito de Gáz,06:12,ADMSEXTA
07 - Jarinu,Rua Antenor Soares Granda - Centro - Jarinu,Ponto de ônibus,06:20,ADMSEXTA
07 - Jarinu,Estr. Mun. Natal Lorencini - Fazenda Campo Verde - Jarinu,Fazenda Campo Verde,06:30,ADMSEXTA
07 - Jarinu,Av. Humberto Cereser - Caxambu - Jundiaí,Restaurante Piatti Belli,06:36,ADMSEXTA
07 - Jarinu,Av. Com. Antonio Borin - Caxambu - Jundiaí,Paroquia Senhor Bom Jesus Caxambu,06:40,ADMSEXTA
07 - Jarinu,Av. Imigrantes - Colonia - Jundiaí,Terminal Colonia,06:45,ADMSEXTA
07 - Jarinu,Av. Imigrantes - Colonia - Jundiaí,Condomínio Residencial Villaggio Del Sogno,06:46,ADMSEXTA
07 - Jarinu,Av. Brigido Marcassa - Jd. Pacaembu - Jundiaí,Ponto de Ônibus Urbano,06:47,ADMSEXTA
07 - Jarinu,Av. Alexandre Fleming - Jd. Pacaembu - Jundiaí,Estádio Jaime Cintra,06:48,ADMSEXTA
07 - Jarinu,R. Luiz Silvestroni - Jd. Pacaembu - Jundiaí,Ponto de Ônibus Urbano (Semáforo),06:50,ADMSEXTA
07 - Jarinu,R. Dr. Antenor Soares Grandra - Colonia - Jundiaí,Ponto de Ônibus Urbano,06:51,ADMSEXTA
07 - Jarinu,R. Agostinho Balestrim - Colonia - Jundiaí,sem Ponto,06:52,ADMSEXTA
07 - Jarinu,R. Luiz Benachio - Colonia - Jundiaí,Igreja Colônia,06:53,ADMSEXTA
07 - Jarinu,Av. Comendador Antonio Borim - Colonia - Jundiaí,Ponto de Ônibus Urbano - Entrada Jd. Carpas (Semáforo),06:54,ADMSEXTA
07 - Jarinu,R. Moacir Lopes - Jd. Caçula - Jundiaí,Esquina com a Rua Ruy Camargo Duarte,06:56,ADMSEXTA
07 - Jarinu,Av. Giustiniano Borin - Jd. Caçula - Jundiaí,Condomínio Gênova,06:57,ADMSEXTA
07 - Jarinu,R. Fernão Dias Pães Leme - Jd. São Camilo - Jundiaí,Praça,06:58,ADMSEXTA
07 - Jarinu,R. Padre Roma - Jd. São Camilo - Jundiaí,Emporio do Kit,06:59,ADMSEXTA
07 - Jarinu,R. José Maria Whitaker - Jd. São Camilo - Jundiaí,Ponto de Ônibus Urbano,07:00,ADMSEXTA
07 - Jarinu,Av. São Camilo - Jd. São Camilo - Jundiaí,Ponto de Ônibus Urbano,07:01,ADMSEXTA
07 - Jarinu,R. Espirito Santo - Tarumã - Jundiaí,Igreja Congregração,07:03,ADMSEXTA
07 - Jarinu,R. Rio de Janeiro - Jardim Tarumã - Jundiaí,CRAS São Camilo,07:05,ADMSEXTA
07 - Jarinu,Av. Capitão Francisco Copelli - Jardim Tarumã - Jundiaí,Menor Preço Supermercado,07:08,ADMSEXTA
07 - Jarinu,R. Bernardo Guimarães - Jardim California - Jundiaí,Sem Ponto,07:09,ADMSEXTA
07 - Jarinu,Av. Antônio Raimundo de Oliveira - Jardim California - Jundiaí,Ponto de Ônibus Urbano (Praça),07:10,ADMSEXTA
07 - Jarinu,Av. Humberto Cereser - Jundiaí Mirim - Jundiaí,Posto Jundiaí Mirim,07:12,ADMSEXTA
07 - Jarinu,Rod. João Cereer - Pinheirinhos - Jundiaí,Parque da Cidade,07:14,ADMSEXTA
07 - Jarinu,Rod. Dom Gabriel Paulino Couto - Distrito Industrial - Jundiaí,Posto Centenário,07:20,ADMSEXTA
Dom Pedro,AV GUILHERME CAMPOS - CAMPINAS,DOM PEDRO SHOPPING,06:40,ADM
Dom Pedro,ROD GOV ADHEMAR DE BARROS - CAMPINAS,CPFL,06:45,ADM
Dom Pedro,AV JOSÉ DE SOUZA CAMPOS - CAMPINAS,TAQUARAL,06:48,ADM
Dom Pedro,AV MORAES SALES - CAMPINAS,CENTRO,06:53,ADM
Dom Pedro,VIADUTO MIGUEL VICENTE CURY - CAMPINAS,CENTRO,06:57,ADM
Dom Pedro,AV JOÃO JORGE - CAMPINAS,BRADESCO,07:00,ADM
Dom Pedro,AV PRESTES MAIA - CAMPINAS,CASA DA CRIANÇA,07:02,ADM
Dom Pedro,AV PRESTES MAIA - CAMPINAS,FRANGO ASSADO DO POSTO SHELL,07:05,ADM
Dom Pedro,ROD ANHANGUERA - VINHEDO,CAPELA-VINHEDO,07:10,ADM
Ouro Verde,RUA ARMANDO FREDERICO RENGANESCHI - CAMPINAS,FRENTE TERMINAL OURO VERDE,06:40,ADM
Ouro Verde,AV EMILLY CRISTINNE GIOVANINI - CAMPINAS,DIC,06:45,ADM
Ouro Verde,RODOVIA MIGUEL MELHADO DE CAMPOS - CAMPINAS,CAMPO BELO,07:00,ADM
Barra Funda,Rua Dr Bento Teobaldo Ferraz - São Paulo,Esquina com a Thomas Edson-Barra Funda,06:30,ADM
Barra Funda,Marginal Tietê sentido Castelo - São Paulo,Ponte Piqueri,06:35,ADM
Barra Funda,Rodovia Anhanguera SP 330 - São Paulo,KM 29 acesso ao Polvilho-Cajamar,07:00,ADM
Taquaral,AV GUILHERME CAMPOS - CAMPINAS,SHOPPING DOM PEDRO,06:40,ADMSEXTA
Taquaral,AV JOSÉ DE SOUZA CAMPOS - CAMPINAS,TAQUARAL,06:45,ADMSEXTA
Taquaral,AV JOÃO JORGE - CAMPINAS,BRADESCO OU SE PREFERIR FRANGO ASSADO,06:55,ADMSEXTA
Taquaral,AV PRESTES MAIA -  - CAMPINAS,FRANGO ASSADO DO POSTO SHELL,07:00,ADMSEXTA
Taquaral,ROD ANHANGUERA -  - CAMPINAS,VALE VERDE-VALINHOS,07:05,ADMSEXTA
Taquaral,ROD ANHANGUERA -  - VINHEDO,CAPELA-VINHEDO,07:08,ADMSEXTA
Campinas,AV JOÃO JORGE - CAMPINAS,BRADESCO,12:50,T2
Campinas,AV PRESTES MAIA - CAMPINAS,POSTO TREVO,12:55,T2
,,,,
,,,,
,,,,
,,,,
,,,,
,,,,
,,,,
,,,,
,,,,
,,,,
,,,,
,,,,
,,,,
,,,,
,,,,
,,,,
,,,,
,,,,
,,,,
,,,,
,,,,
,,,,
,,,,
,,,,
,,,,
,,,,
,,,,
,,,,
,,,,
,,,,
,,,,
,,,,
,,,,
,,,,
,,,,
,,,,
,,,,
,,,,
,,,,
,,,,
,,,,
,,,,
,,,,
,,,,
,,,,
,,,,
,,,,
,,,,
,,,,
,,,,
,,,,
,,,,
,,,,
,,,,
,,,,
,,,,
,,,,
,,,,
,,,,
,,,,
,,,,
,,,,
,,,,
,,,,
,,,,
,,,,
,,,,
,,,,
,,,,
,,,,
,,,,
,,,,
,,,,
,,,,
,,,,
,,,,
,,,,
,,,,
,,,,
,,,,
,,,,
,,,,
,,,,
,,,,
,,,,
,,,,
,,,,
,,,,
,,,,
,,,,
,,,,
,,,,
,,,,
,,,,
,,,,
,,,,
,,,,
,,,,
,,,,
,,,,
,,,,
,,,,
,,,,
,,,,
,,,,
,,,,
,,,,
,,,,
,,,,
,,,,
,,,,
,,,,
,,,,
,,,,
,,,,
,,,,
,,,,
,,,,
,,,,
,,,,
,,,,
,,,,
,,,,
,,,,
,,,,
,,,,
,,,,
,,,,
,,,,
,,,,
,,,,
,,,,
,,,,
,,,,
,,,,
,,,,
,,,,
,,,,
,,,,
,,,,
,,,,
,,,,
,,,,
,,,,
,,,,
,,,,
,,,,
,,,,
,,,,
,,,,
,,,,
,,,,
,,,,
,,,,
,,,,
,,,,
,,,,
,,,,
,,,,
,,,,
,,,,
,,,,
,,,,
,,,,
,,,,
,,,,
,,,,
,,,,
,,,,
,,,,
,,,,
,,,,
,,,,
,,,,
,,,,
,,,,
,,,,
,,,,
,,,,
,,,,
,,,,
,,,,
,,,,
,,,,
,,,,
,,,,
,,,,
,,,,
,,,,
,,,,
,,,,
,,,,
,,,,
,,,,
,,,,
,,,,
,,,,
,,,,
,,,,
,,,,
,,,,
,,,,
,,,,
,,,,
,,,,
,,,,
,,,,
,,,,
,,,,
,,,,
,,,,
,,,,
,,,,
,,,,
,,,,
,,,,
,,,,
,,,,
,,,,
,,,,
,,,,
,,,,
,,,,
,,,,
,,,,
,,,,
,,,,
,,,,
,,,,
,,,,
,,,,
,,,,
,,,,
,,,,
,,,,
,,,,
,,,,
,,,,
,,,,
,,,,
,,,,
,,,,
,,,,
,,,,
,,,,
,,,,
,,,,
,,,,
,,,,
,,,,
,,,,
,,,,
,,,,
,,,,
,,,,
,,,,
,,,,
,,,,
,,,,
,,,,
,,,,
,,,,
,,,,
,,,,
,,,,
,,,,
,,,,
,,,,
,,,,
,,,,
,,,,
,,,,
,,,,
,,,,
,,,,
,,,,
,,,,
,,,,
,,,,
,,,,
,,,,
,,,,
,,,,
,,,,
,,,,
,,,,
,,,,
,,,,
,,,,
,,,,
,,,,
,,,,
,,,,
,,,,
,,,,
,,,,
,,,,
,,,,
,,,,
,,,,
,,,,
,,,,
,,,,
,,,,
,,,,
,,,,
,,,,
,,,,
,,,,
,,,,
,,,,
,,,,
,,,,
,,,,
,,,,
,,,,
,,,,
,,,,
,,,,
,,,,
,,,,
,,,,
,,,,
,,,,
,,,,
,,,,
,,,,
,,,,
,,,,
,,,,
,,,,
,,,,
,,,,
,,,,
,,,,
,,,,
,,,,
,,,,
,,,,
,,,,
,,,,
,,,,
,,,,
,,,,
,,,,
,,,,
,,,,
,,,,
,,,,
,,,,
,,,,
,,,,
,,,,
,,,,
,,,,
,,,,
,,,,
,,,,
,,,,
,,,,
,,,,
,,,,
,,,,
,,,,
,,,,
,,,,
,,,,
,,,,
,,,,
,,,,
,,,,
,,,,
,,,,
,,,,
,,,,
,,,,
,,,,
,,,,
,,,,
,,,,
,,,,
,,,,
,,,,
,,,,
,,,,
,,,,
,,,,
,,,,
,,,,
,,,,
,,,,
,,,,
,,,,
,,,,
,,,,
,,,,
,,,,
,,,,
,,,,
,,,,
,,,,
,,,,
,,,,
,,,,
,,,,
,,,,
,,,,
,,,,
,,,,
,,,,
,,,,
,,,,
,,,,
,,,,
,,,,
,,,,
,,,,
,,,,
,,,,
,,,,
,,,,
,,,,
,,,,
,,,,
,,,,
,,,,
,,,,
,,,,
,,,,
,,,,
,,,,
,,,,
,,,,
,,,,
,,,,
,,,,
,,,,
,,,,
,,,,
,,,,
,,,,
,,,,
,,,,
,,,,
,,,,
,,,,
,,,,
,,,,
,,,,
,,,,
,,,,
,,,,
,,,,
,,,,
,,,,
,,,,
,,,,
,,,,
,,,,
,,,,
,,,,
,,,,
,,,,
,,,,
,,,,
,,,,
,,,,
,,,,
,,,,
,,,,
,,,,
,,,,
,,,,
,,,,
,,,,
,,,,
,,,,
,,,,
,,,,
,,,,
,,,,
,,,,
,,,,
,,,,
,,,,
,,,,
,,,,
,,,,
,,,,
,,,,
,,,,
,,,,
,,,,
,,,,
,,,,
,,,,
,,,,
,,,,
,,,,
,,,,
,,,,
,,,,
,,,,
,,,,
,,,,
,,,,
,,,,
,,,,
,,,,
,,,,
,,,,
,,,,
,,,,
,,,,
,,,,
,,,,
,,,,
,,,,
,,,,
,,,,
,,,,
,,,,
,,,,
,,,,
,,,,
,,,,
,,,,
,,,,
,,,,
,,,,
,,,,
,,,,
,,,,
,,,,
,,,,
,,,,
,,,,
,,,,
,,,,
,,,,
,,,,
,,,,
,,,,
,,,,
,,,,
,,,,
,,,,
,,,,
,,,,
,,,,
,,,,
,,,,
,,,,
,,,,
,,,,
,,,,
,,,,
,,,,
,,,,
,,,,
,,,,
,,,,
,,,,
,,,,
,,,,
,,,,
,,,,
,,,,
,,,,
,,,,
,,,,
,,,,
,,,,
,,,,
,,,,
,,,,
,,,,
,,,,
,,,,
,,,,
01 - Campo Limpo,R. Águas da Prata - Colina Do Pontal - Campo Limpo Pta,KJ Mini Mercado e Padaria,05:40,ADMSEXTA
01 - Campo Limpo,R. Bauru - Colina Do Pontal - Campo Limpo Pta,Esquina com a Rua Descalvado,05:45,ADMSEXTA
01 - Campo Limpo,R. Borborema - Colina Do Pontal - Campo Limpo Pta,Praça,05:48,ADMSEXTA
01 - Campo Limpo,R. João Julião Moreira - Vila Constança - Campo Limpo Pta,Sorveteira Alegria,05:49,ADMSEXTA
01 - Campo Limpo,Av. Casa Branca - Vila Constança - Campo Limpo Pta,Emeif Vereador Jose De Souza Charrua,05:50,ADMSEXTA
01 - Campo Limpo,Av. Casa Branca - Vila Constança - Campo Limpo Pta,Escola de Missões das Assembléias de Deus,05:51,ADMSEXTA
01 - Campo Limpo,Av. Casa Branca - Vila Constança - Campo Limpo Pta,Esquina com a Rua Tito,05:52,ADMSEXTA
01 - Campo Limpo,Av. Casa Branca - Vila Constança - Campo Limpo Pta,Esquina com a Rua Visconde de Taunay,05:54,ADMSEXTA
01 - Campo Limpo,R. Itália - Jd. Europa - Campo Limpo Pta,Bar da Dalva,05:56,ADMSEXTA
01 - Campo Limpo,R. Alemanha - Jd. Europa - Campo Limpo Pta,Esquina com a Rua Holanda,05:57,ADMSEXTA
01 - Campo Limpo,R. Suíça - Jd. Europa - Campo Limpo Pta,Esquina com a Rua Espanha,05:58,ADMSEXTA
01 - Campo Limpo,Av. Antônio Di Gióia - California - Campo Limpo Pta,Depósito de gás,06:00,ADMSEXTA
01 - Campo Limpo,Av. Antônio Di Gióia - California - Campo Limpo Pta,Condomínio Los Angeles,06:01,ADMSEXTA
01 - Campo Limpo,Av. Antônio Di Gióia - California - Campo Limpo Pta,Mello Mercado,06:02,ADMSEXTA
01 - Campo Limpo,Av. Antônio Di Gióia - California - Campo Limpo Pta,Lanches Ignes,06:03,ADMSEXTA
01 - Campo Limpo,Estr. Bragantina - São Jose 1 - Campo Limpo Pta,Padaria Brunella,06:05,ADMSEXTA
01 - Campo Limpo,Estr. Bragantina - Jd. Santa Maria - Campo Limpo Pta,Padaria Santa Maria,06:06,ADMSEXTA
01 - Campo Limpo,R. Dama da Noite - Pq. Internacional - Campo Limpo Pta,Assembléia de Deus Belém,06:07,ADMSEXTA
01 - Campo Limpo,Av. Amazonas - Pq. Internacional - Campo Limpo Pta,Escola Georgina Helena Fortarel,06:08,ADMSEXTA
01 - Campo Limpo,Estrada do Garcia - Jd. Marchetti - Campo Limpo Pta,Esquina com a Rua Antenor Soares,06:11,ADMSEXTA
01 - Campo Limpo,Avenida Alfried Krupp - Jd. Europa - Campo Limpo Pta,Hospital de Clínicas,06:15,ADMSEXTA
01 - Campo Limpo,Av. dos Emancipadores - Centro - Campo Limpo Pta,Posto de Combustível BR,06:17,ADMSEXTA
01 - Campo Limpo,Av. Adherbal da Costa Moreira - Centro - Campo Limpo Pta,Lojas Cem,06:18,ADMSEXTA
01 - Campo Limpo,R. Primeiro de Dezembro - Jd. Marsola - Campo Limpo Pta,Quadra de Areia,06:20,ADMSEXTA
01 - Campo Limpo,Av. Adherbal da Costa Moreira - Centro - Campo Limpo Pta,Depósito Figueira Branca,06:22,ADMSEXTA
01 - Campo Limpo,Rua Antonio Farina - Jd. América - Campo Limpo Pta,Deposito Figueira Branca (Lateral),06:23,ADMSEXTA
01 - Campo Limpo,Av. João Amato - Jd. America - Campo Limpo Pta,Só Piso,06:24,ADMSEXTA
01 - Campo Limpo,Av. Marginal do Rio Jundiaí - Jd. Paulista - Varzea Paulista,J W V Comércio,06:28,ADMSEXTA
01 - Campo Limpo,Viaduto Emancipadores - Centro - Varzea Paulista,Sem Ponto,06:33,ADMSEXTA
01 - Campo Limpo,Av. Fernão Dias Paes Leme - Centro - Varzea Paulista,Prefeitura de Várzea Paulista,06:35,ADMSEXTA
01 - Campo Limpo,Av. Fernão Dias Paes Leme - Centro - Varzea Paulista,Habib's,06:38,ADMSEXTA
01 - Campo Limpo,Av. Fernão Dias Paes Leme - Centro - Varzea Paulista,Caedu,06:39,ADMSEXTA
01 - Campo Limpo,Rua Várzea Paulista - Agapeama - Jundiaí,Ricoy,06:43,ADMSEXTA
01 - Campo Limpo,Rua Várzea Paulista - Agapeama - Jundiaí,Rally Decorações,06:45,ADMSEXTA
01 - Campo Limpo,R. José Maria Marinho - Vila Agricola - Jundiaí,Amarati,06:47,ADMSEXTA
01 - Campo Limpo,Av. Ferroviários - Vila Arens - Jundiaí,Terminal Vila Arens,06:50,ADMSEXTA
01 - Campo Limpo,Rua 15 de Novembro - Vila Arens - Jundiaí,Sem Ponto,06:53,ADMSEXTA
01 - Campo Limpo,Rua José do Patrocinio - Vila Arens - Jundiaí,Argos,06:54,ADMSEXTA
01 - Campo Limpo,Rua Atilio Vianelo - Vianelo - Jundiaí,Sem Ponto,06:56,ADMSEXTA
01 - Campo Limpo,Rua da Saúde - Vianelo - Jundiaí,Igreja Jesus Cristo é o Senhor,06:58,ADMSEXTA
01 - Campo Limpo,R. Baronesa do Japi - Centro - Jundiaí,Sem Ponto,07:00,ADMSEXTA
01 - Campo Limpo,R. Cel. Leme da Fonseca - Centro - Jundiaí,Droga Raia,07:01,ADMSEXTA
01 - Campo Limpo,Viaduto Avenida Jundiaí - Anhangabaú - Jundiaí,Ponto de Ônibus Urbano,07:02,ADMSEXTA
01 - Campo Limpo,Av. Jundiaí - Anhangabaú - Jundiaí,Festa da Uva,07:05,ADMSEXTA
01 - Campo Limpo,Rod. Anhanguera - Retiro - Jundiaí,Passarela Carrefour,07:08,ADMSEXTA
01 - Campo Limpo,Rod. Dom Gabriel Paulino Couto - Distrito Industrial - Jundiaí,Posto Centenário,07:13,ADMSEXTA
02 - Botujuru,R. Bela Vista - Botujuru - Campo Limpo Pta,Terminal Botujuru,06:05,ADMSEXTA
02 - Botujuru,R. Bela Vista - Botujuru - Campo Limpo Pta,Estação Ferroviária de Botujuru,06:06,ADMSEXTA
02 - Botujuru,Estr. Faustino Bizeto - Botujuru - Campo Limpo Pta,Lanchonete e sorveteria Maga,06:08,ADMSEXTA
02 - Botujuru,Estr. Faustino Bizeto - Botujuru - Campo Limpo Pta,Açai da Praça,06:09,ADMSEXTA
02 - Botujuru,R. Francisco Miguel - Centro - Campo Limpo Pta,Mega Real,06:14,ADMSEXTA
02 - Botujuru,R. Aníbal Lopes da Fonseca - Centro - Campo Limpo Pta,Praça Castelo Branco,06:15,ADMSEXTA
02 - Botujuru,R. Marechal Deodoro da fonseca - Centro - Campo Limpo Pta,Fórum,06:16,ADMSEXTA
02 - Botujuru,Av. Dom Pedro I - Jd. Guanciale - Campo Limpo Pta,Rápido Luxo Campinas,06:18,ADMSEXTA
02 - Botujuru,Av. 21 de Março - Jd. Felicidade - Varzea Paulista,3ª Companhia da Polícia Militar,06:21,ADMSEXTA
02 - Botujuru,R. Inglaterra - Jd. Promeca - Varzea Paulista,Ponto de Ônibus Urbano,06:23,ADMSEXTA
02 - Botujuru,R. Victorio Spinucci - Jd. Promeca - Varzea Paulista,Panificadora & Confeitaria Trigal,06:25,ADMSEXTA
02 - Botujuru,Av. Duque de Caxias - Centro Varzea Pta - Varzea Paulista,Shopping Alegria,06:27,ADMSEXTA
02 - Botujuru,Av. Ipiranga - Centro Varzea Pta - Varzea Paulista,Espaço Cidadania,06:37,ADMSEXTA
02 - Botujuru,Av. Fernão dias Paes Leme - Centro Varzea Pta - Varzea Paulista,Banco do Brasil,06:41,ADMSEXTA
02 - Botujuru,Av. Fernão dias Paes Leme - Maria de Fatima - Varzea Paulista,Lojas Cem,06:43,ADMSEXTA
02 - Botujuru,Av. Fernão dias Paes Leme - Vila Cristo - Várzea Divisa Jundiaí,Caixa Econômica Federal,06:44,ADMSEXTA
02 - Botujuru,R. Olivio Moro - Buriti - Várzea Divisa Jundiaí,Mercado Dinho,06:49,ADMSEXTA
02 - Botujuru,R. Mathias Mucha - Buriti - Jundiaí,Mecânica Doda,06:50,ADMSEXTA
02 - Botujuru,Av. Nações Unidas - Vila Esperança - Jundiaí,Área de Lazer Ivete do Carmo (Parquinho),06:51,ADMSEXTA
02 - Botujuru,R. Guilherme Augusto Baad - Vila Esperança - Jundiaí,Ponto de Ônibus Urbano,06:52,ADMSEXTA
02 - Botujuru,R. Ricardo Gobbo - Vila Esperança - Jundiaí,Ponto de Ônibus Urbano,06:53,ADMSEXTA
02 - Botujuru,R. Elizia Machado Benassi - Cidade Jardim - Jundiaí,Residencial Orquídea,06:54,ADMSEXTA
02 - Botujuru,R. Elizia Machado Benassi - Cidade Jardim - Jundiaí,Residencial Magnólia,06:55,ADMSEXTA
02 - Botujuru,R. Vítor Marcelo de Castro - Cidade Jardim - Jundiaí,Mercearia e Padaria Center Pão,06:56,ADMSEXTA
02 - Botujuru,R. Pedro Kramer - Cidade Jardim - Jundiaí,Ponto de Ônibus Urbano,06:57,ADMSEXTA
02 - Botujuru,R. Juraci Paupério - Cidade Jardim - Jundiaí,Arena Pizza,06:58,ADMSEXTA
02 - Botujuru,R. Rachid Jorge Cury - Jd. Do Lago - Jundiaí,Ponto de Ônibus Urbano,07:00,ADMSEXTA
02 - Botujuru,Av. Samuel Martins - Vila Progresso - Jundiaí,Posto Shell,07:03,ADMSEXTA
02 - Botujuru,R. Santa Catarina - Jd. Esplanada - Jundiaí,Ponto de Ônibus Urbano,07:04,ADMSEXTA
02 - Botujuru,R. Zuferey - Jd. Esplanada - Jundiaí,Ponto de Ônibus Urbano,07:05,ADMSEXTA
02 - Botujuru,R. Lestapis - Vl . Isabel - Jundiaí,Ponto de Ônibus Urbano,07:06,ADMSEXTA
02 - Botujuru,Rua São luiz - Vl . Isabel - Jundiaí,Ponto de Ônibus Urbano,07:07,ADMSEXTA
02 - Botujuru,R. Cica - Jd. Cica - Jundiaí,Telha Norte,07:08,ADMSEXTA
02 - Botujuru,R. Messina - Jd. Messian - Jundiaí,Sobam,07:09,ADMSEXTA
02 - Botujuru,Av.Nove de Julho - Jd. Paulista - Jundiaí,Rodoviária,07:14,ADMSEXTA
02 - Botujuru,Marginal Rod. Anhanguera - Anhangabaú - Jundiaí,Sem Ponto,07:16,ADMSEXTA
02 - Botujuru,Rod. Anhanguera - Retiro - Jundiaí,Passarela Carrefour,07:18,ADMSEXTA
02 - Botujuru,Rod. Dom Gabriel Paulino Couto - Distrito Industrial - Jundiaí,Posto Centenário,07:22,ADMSEXTA
03 - Caieiras,Av. Renata Bianchi - Vila Rosina - Caieiras,AMBEV - CDD Norte,05:40,ADMSEXTA
03 - Caieiras,Rod. Pres. Tancredo de Almeida Neves - Serpa - Caieiras,McDonald's,05:47,ADMSEXTA
03 - Caieiras,Av. dos Expedicionarios - Centro - Franco da Rocha,Shopping Franco da Rocha,05:55,ADMSEXTA
03 - Caieiras,R. Basílio Fazzi - Centro - Franco da Rocha,McDonald's,05:56,ADMSEXTA
03 - Caieiras,R. Benedito Fagundes Marques - Centro - Franco da Rocha,Posto Zebrinha,05:59,ADMSEXTA
03 - Caieiras,R. Paoli - Vila Irma - Franco da Rocha,Friomaq,06:00,ADMSEXTA
03 - Caieiras,R. Tiradentes - Vila Bazu - Franco da Rocha,Padaria - Bazu Paes e Doces,06:01,ADMSEXTA
03 - Franco da Rocha,Av. São Paulo - Parque Paulista - Franco da Rocha,Igreja universal,06:10,ADMSEXTA
03 - Franco da Rocha,Av. São Paulo - Parque Paulista - Francisco Morato,Ponto do Deposito Oliveira,06:12,ADMSEXTA
03 - Franco da Rocha,Av. São Paulo - Parque Paulista - Francisco Morato,Morato Motos,06:14,ADMSEXTA
03 - Franco da Rocha,R. Gerônimo Caetano Garcia - Centro - Francisco Morato,Ponto das lojas Cem,06:18,ADMSEXTA
03 - Franco da Rocha,R. João Mendes Júnior - Jardim Prof. Francisco Morato - Francisco Morato,Esplanada Móveis,06:20,ADMSEXTA
03 - Franco da Rocha,Rod. Manoel Silverio Pinto - Belem Estacao - Francisco Morato,Hospital Estadual de Francisco Morato - Lacaz,06:23,ADMSEXTA
03 - Franco da Rocha,Rod. Manoel Silverio Pinto - Jardim Sinobe - Francisco Morato,Prefeitura Municipal de Francisco Morato,06:25,ADMSEXTA
03 - Franco da Rocha,Rod. Manoel Silverio Pinto - Jardim dos Bandeirantes - Franco da Rocha,Federzoni Casa & Construção - Bandeirantes,06:29,ADMSEXTA
04 - Itupeva,R. Geraldo Ferraz - Monte Serrat - Itupeva,Caixa D'água,05:50,ADMSEXTA
04 - Itupeva,R. Vicente Tonoli - Monte Serrat - Itupeva,Recanto Nordestino,05:52,ADMSEXTA
04 - Itupeva,Praça São Paulo - Centro - Itupeva,Rodoviária de Itupeva,05:58,ADMSEXTA
04 - Itupeva,Rua Emancipadores do Municipio - Centro - Itupeva,Latorre Pizzaria,06:00,ADMSEXTA
04 - Itupeva,Rod. Vice Pref. Hermenegildo Tonoli - Jd. Ana Luiza - Itupeva,Supermercado Monte Serrat,06:01,ADMSEXTA
04 - Itupeva,R. Francisco Cardoso da Silva - Portal da Santa Fe - Itupeva,Creche Iolanda Carlos,06:02,ADMSEXTA
04 - Itupeva,R. José Virillo - Portal da Santa Fe - Itupeva,Mercado Big Bom,06:03,ADMSEXTA
04 - Itupeva,Rua Claudina Zumstein Betelli - Portal da Santa Fe - Itupeva,Ponto de ônibus Urbano,06:04,ADMSEXTA
04 - Itupeva,Rod. Vice Pref. Hermenegildo Tonoli - Santa Julia - Itupeva,Ponto em Frente a Placa Jesus Cristo Senhor de Itupeva,06:05,ADMSEXTA
04 - Itupeva,Av. Francisco Nobre - Medeiros - Jundiaí,Mini Shopping Sarapiranga,06:12,ADMSEXTA
04 - Itupeva,Av. João Gonçalves dos Réis - Medeiros - Jundiaí,Tato Colégio,06:14,ADMSEXTA
04 - Itupeva,Av. Reynaldo de Porcari - Medeiros - Jundiaí,Chácara das Palmeiras Imperiais,06:17,ADMSEXTA
04 - Itupeva,Av. José Benassi - Jd. Ana Luiza - Itupeva,Posto de Gasolina Fazgran,06:22,ADMSEXTA
04 - Itupeva,Av. José Benassi - Res. Jundiaí - Jundiaí,Condomínio Gaivotas,06:24,ADMSEXTA
04 - Itupeva,Av. Eunice Cavalcante de Souza Queirós - Res. Jundiaí - Jundiaí,Escola Rola Bola,06:27,ADMSEXTA
04 - Itupeva,Av. Prof. Raymundo Faggiano - Pq. Almerinda Chaves - Jundiaí,Peg Pag,06:29,ADMSEXTA
04 - Itupeva,R. Mariano Latorre - Pq. Almerinda Chaves - Jundiaí,Lava Car Radar,06:30,ADMSEXTA
04 - Itupeva,Av. Francisco Roveri - Pq. Almerinda Chaves - Jundiaí,Mercado Aliança,06:31,ADMSEXTA
04 - Itupeva,Est. Mun. do Varjão - Jd. Novo Horizonte - Jundiaí,Mercado Monteiro,06:34,ADMSEXTA
04 - Itupeva,Av. Cesar Brunholli - Jd. Tulipas - Jundiaí,Pq. Botanico Tulipas,06:42,ADMSEXTA
04 - Itupeva,Av. Adelino Martins - Jd. Tulipas - Jundiaí,Mercado Xavier,06:50,ADMSEXTA
04 - Itupeva,Av. Cesar Brunholli - Jd. Tulipas - Jundiaí,Pq. Botanico Tulipas,06:55,ADMSEXTA
04 - Itupeva,Av. Henrique Brunini - Fazenda Grande - Jundiaí,Escola Marly de Marco Mendes,06:58,ADMSEXTA
04 - Itupeva,Rua Daniel da Silva - Fazenda Grande - Jundiaí,UBS,07:00,ADMSEXTA
04 - Itupeva,R. Nancy Carlota Netto - Eloy Chaves - Jundiaí,Ponto de Ônibus Urbano,07:05,ADMSEXTA
04 - Itupeva,R. Romeu Seckler Machado - Eloy Chaves - Jundiaí,Coopercica,07:06,ADMSEXTA
04 - Itupeva,Av. Luis Jose Sereno - Eloy Chaves - Jundiaí,Terminal Eloy Chaves,07:07,ADMSEXTA
04 - Itupeva,R. Dante Belodi - Eloy Chaves - Jundiaí,Borracharia Eloy,07:08,ADMSEXTA
04 - Itupeva,AV. Benedicto Castilho de Andrade - Eloy Chaves - Jundiaí,Correios - Eloy Chaves,07:10,ADMSEXTA
04 - Itupeva,Av. Antônio Pincinato - Rec. Quarto Centenario - Jundiaí,Condomínio Altissími,07:17,ADMSEXTA
04 - Itupeva,Av. Amélia Latorre - Jd. Guanabara - Jundiaí,Agro Retiro Comércio Rações,07:19,ADMSEXTA
04 - Itupeva,Av. João Antonio Meccatti - Jd. Planalto - Jundiaí,Veredas Motel,07:23,ADMSEXTA
04 - Itupeva,Rod. Dom Gabriel Paulino Couto - Distrito Industrial - Jundiaí,Posto Centenário,07:27,ADMSEXTA
05 - Varzea Paulista,Estr. da Figueira Branca - Figueira Branca - Campo Limpo Paulista,Estação Telefonica,05:50,ADMSEXTA
05 - Varzea Paulista,R. Arcangelo Bianchini - Ivoturucaia - Jundiaí,Monsenhor Venerando Nalini,06:05,ADMSEXTA
05 - Varzea Paulista,Av. Dr. Walter Gossner - Jd. America 4 - Varzea Paulista,Posto Serrano,06:08,ADMSEXTA
05 - Varzea Paulista,R. Parati - Jd. America 4 - Varzea Paulista,Lateral Cemitério,06:09,ADMSEXTA
05 - Varzea Paulista,R. Itupeva - Jd. America 4 - Varzea Paulista,Esquina com a Rua Paratí,06:10,ADMSEXTA
05 - Varzea Paulista,Av. Pacaembu - Jd. Paulista - Varzea Paulista,Escola Estadual Armando Dias,06:15,ADMSEXTA
05 - Varzea Paulista,Av. Pacaembu - Jd. Paulista - Varzea Paulista,Panobianco,06:17,ADMSEXTA
05 - Varzea Paulista,R. Itu - Jd. Paulista - Varzea Paulista,Ponto de Ônibus Urbano,06:19,ADMSEXTA
05 - Varzea Paulista,Av. São Vicente - Jd. Paulista - Varzea Paulista,Quadra de areia,06:20,ADMSEXTA
05 - Varzea Paulista,Av. Tanabi - Jd. America 3 - Varzea Paulista,Igreja Congregação,06:21,ADMSEXTA
05 - Varzea Paulista,Av. Pequerí - Jd. America 3 - Varzea Paulista,Mineirinho Gás,06:22,ADMSEXTA
05 - Varzea Paulista,Av. Tapira - Jd. America 3 - Varzea Paulista,Ponto de Ônibus Urbano,06:23,ADMSEXTA
05 - Varzea Paulista,R. Tupã - Jd. America 2 - Varzea Paulista,Ponto de Ônibus Urbano,06:24,ADMSEXTA
05 - Varzea Paulista,R. Nipoã - Jd. America 2 - Varzea Paulista,Mercado Aliança,06:25,ADMSEXTA
05 - Varzea Paulista,R. Irerê - Jd. America 2 - Varzea Paulista,Caixa D'água,06:26,ADMSEXTA
05 - Varzea Paulista,R. Orós - Jd. America 2 - Varzea Paulista,Esquina com a Rua Barretos,06:27,ADMSEXTA
05 - Varzea Paulista,R. Barretos - Jd. Novo Mundo - Varzea Paulista,Até entrada do Jardim novo Mundo,06:28,ADMSEXTA
05 - Varzea Paulista,R. Marabá - Jd. América 1 - Varzea Paulista,Portal da Comida,06:30,ADMSEXTA
05 - Varzea Paulista,R. Guaiba - Jd. América 1 - Varzea Paulista,Ponto de Ônibus Urbano,06:31,ADMSEXTA
05 - Varzea Paulista,R. Itirapina - Jd. América 1 - Varzea Paulista,Ponto de Ônibus Urbano,06:32,ADMSEXTA
05 - Varzea Paulista,R. Ricardo Aizza - Cidade Nova 2 - Varzea Paulista,Igreja Congregação,06:33,ADMSEXTA
05 - Varzea Paulista,R. José Artur Savieto - Cidade Nova 2 - Jundiaí,Kaza Condomínio Club,06:34,ADMSEXTA
05 - Varzea Paulista,R. Francisco Cao - Cidade Nova 2 - Jundiaí,Ponto de Ônibus Urbano,06:35,ADMSEXTA
05 - Varzea Paulista,Av. Moisés Raphael - Cidade Nova 2 - Jundiaí,Ponto de Ônibus Urbano,06:36,ADMSEXTA
05 - Varzea Paulista,R. Florindo Zambon - Cidade Nova 2 - Jundiaí,Mercado Flores,06:37,ADMSEXTA
05 - Varzea Paulista,R. Atibaia - Cidade Nova 2 - Jundiaí,Praça,06:39,ADMSEXTA
05 - Varzea Paulista,R. Alfredo Pizzocaro - Tamoio - Jundiaí,Padaria Belém,06:40,ADMSEXTA
05 - Varzea Paulista,R. Adamantina - Tamoio - Jundiaí,Adega S.O.S,06:41,ADMSEXTA
05 - Varzea Paulista,Av. Carlos Ângelo Mathion - Tamoio - Jundiaí,Igreja Universal,06:42,ADMSEXTA
05 - Varzea Paulista,R. Carlos Humel Guimarães - Tamoio - Jundiaí,Ponto de Ônibus Urbano,06:43,ADMSEXTA
05 - Varzea Paulista,R. São José dos Campos - Vila Nambi - Jundiaí,Ponto de Ônibus Urbano,06:44,ADMSEXTA
05 - Varzea Paulista,R. Palmeira dos Índios - Vila Nambi - Jundiaí,Ponto de Ônibus Urbano,06:45,ADMSEXTA
05 - Varzea Paulista,Av. Bento do Amaral Gurgel - Vila Nambi - Jundiaí,Farmácia Estrela,06:46,ADMSEXTA
05 - Varzea Paulista,R. Santa Maria - Pte. São João - Jundiaí,Mercado Oxxo,06:55,ADMSEXTA
05 - Varzea Paulista,Av. Luiz Zorzetti - Pte. São João - Jundiaí,Ponto de Ônibus Urbano,07:01,ADMSEXTA
05 - Varzea Paulista,R. Dino - Pte. São João - Jundiaí,Ponto de Ônibus Urbano,07:03,ADMSEXTA
05 - Varzea Paulista,R. José Belesso - Pte. São João - Jundiaí,Centro Automotivo Amaral Pneus,07:04,ADMSEXTA
05 - Varzea Paulista,Av. Antônio Frederico Ozanan - Vl. Rio Branco - Jundiaí,Posto Shell,07:07,ADMSEXTA
05 - Varzea Paulista,Av. Antônio Frederico Ozanan - Vl. Rio Branco - Jundiaí,Maxi Shopping,07:10,ADMSEXTA
05 - Varzea Paulista,Av. Pref. Luis Latorre - Vl. Hortencias - Jundiaí,Churrascaria da fazenda,07:13,ADMSEXTA
05 - Varzea Paulista,Av. Armando Giassetti - Jd. São Mirim - Jundiaí,Ponto de Ônibus Urbano,07:17,ADMSEXTA
05 - Varzea Paulista,Rod. Dom Gabriel Paulino Couto - Distrito Industrial - Jundiaí,Posto Centenário,07:23,ADMSEXTA
06 - Louveira,R. Itirapina - Hortolandia - Jundiaí,Ponto de Ônibus Urbano,06:00,ADMSEXTA
06 - Louveira,R. Palmira Cervi Barbaro - Hortolandia - Jundiaí,Ponto de Ônibus Urbano,06:02,ADMSEXTA
06 - Louveira,Rod. Ver. Geraldo Dias - Hortolandia - Jundiaí,Terminal Hortolandia,06:05,ADMSEXTA
06 - Louveira,Av. Bento Figueiredo - Vl. Marlene - Jundiaí,Ponto de Ônibus Urbano (Posto Shell),06:06,ADMSEXTA
06 - Louveira,Av. José Bulisani - Vl. Marlene - Jundiaí,Ponto de Ônibus Urbano,06:06,ADMSEXTA
06 - Louveira,Av. Prof. Pedro Clarismundo Fornari - Engordadouro - Jundiaí,sem Ponto,06:07,ADMSEXTA
06 - Louveira,Rod. Vereador Geraldo Dias - Torres São José - Jundiaí,Rotatória Terra da Uva,06:10,ADMSEXTA
06 - Louveira,Rod. Vereador Geraldo Dias - Cecap - Jundiaí,Terminal CECAP,06:13,ADMSEXTA
06 - Louveira,R. Alceu de Toledo Pontes - Cecap - Jundiaí,Ponto de Ônibus Urbano,06:14,ADMSEXTA
06 - Louveira,R. Dr. Nelson Martinho - Cecap - Jundiaí,Ponto de Ônibus Urbano,06:14,ADMSEXTA
06 - Louveira,R. Uva Niagara - Morada das Vinhas - Jundiaí,Gastaldo Lanchonete,06:16,ADMSEXTA
06 - Louveira,R. Uva Niagara - Morada das Vinhas - Jundiaí,Associação Cristã (ACDC),06:17,ADMSEXTA
06 - Louveira,Av. Andre Costa - Morada das Vinhas - Jundiaí,Supermercado Morada,06:22,ADMSEXTA
06 - Louveira,Rod. Ver. Geraldo Dias - Centro - Louveira,Estação Ferroviária de Louveira,06:32,ADMSEXTA
06 - Louveira,R. Ângelo Steck - Pq. Dos Estados - Louveira,Condomínio Villaggio Dei Fiori,06:34,ADMSEXTA
06 - Louveira,Rod. Romildo Prado - Pq. Dos Estados - Louveira,Parque da Cidade,06:37,ADMSEXTA
06 - Louveira,R. Geraldo Burck - Burck - Louveira,Mercado Primavera,06:38,ADMSEXTA
06 - Louveira,R. Antônio Bonesso - Santo Antonio - Louveira,Bosque do Burck,06:40,ADMSEXTA
06 - Louveira,R. Santo Miqueletto - Santo Antonio - Louveira,Marcelo Tapeceiro,06:42,ADMSEXTA
06 - Louveira,R. Luiz Montelato - Santo Antonio - Louveira,Juju Variedades,06:44,ADMSEXTA
06 - Louveira,R. Evaristo Cavali - Santo Antonio - Louveira,MultiDrogas,06:46,ADMSEXTA
06 - Louveira,R. das Rosas - Santo Antonio - Louveira,Casa de Cultura,06:47,ADMSEXTA
06 - Louveira,R. Armando Bertie - Santo Antonio - Louveira,Praça Pedro Sanches,06:49,ADMSEXTA
06 - Louveira,R. Nerina - Santo Antonio - Louveira,Posto Shell,06:51,ADMSEXTA
06 - Louveira,Av. Paulo Prado - Santo Antonio - Louveira,Ponto de Ônibus Urbano,06:52,ADMSEXTA
06 - Louveira,Av. Comendador Antonio Carbonari - Traviu - Jundiaí,Ponto de Ônibus Urbano,06:58,ADMSEXTA
06 - Louveira,Av. da Uva - Bairro do Poste - Jundiaí,Mercado Água Doce,07:04,ADMSEXTA
06 - Louveira,Rod. Anhanguera - Dristrito Industrial - Jundiaí,sem ponto,07:13,ADMSEXTA
06 - Louveira,Av. Armando Giassetti - Dristrito Industrial - Jundiaí,Polimix - Sent. UNIP,07:15,ADMSEXTA
06 - Louveira,Rod. Dom Gabriel Paulino Couto - Distrito Industrial - Jundiaí,Posto Centenário,07:17,ADMSEXTA
07 - Jarinu,Estr. Mun. Atilio Squizato - Roseiral - Jarinu,Praça do Roseiral,05:55,ADMSEXTA
07 - Jarinu,Rua Selly - Maracana - Jarinu,Esquina com Av. Dinah de Barros,06:11,ADMSEXTA
07 - Jarinu,Av. Dinah de Barros - Maracana - Jarinu,Deposito de Gáz,06:12,ADMSEXTA
07 - Jarinu,Rua Antenor Soares Granda - Centro - Jarinu,Ponto de ônibus,06:20,ADMSEXTA
07 - Jarinu,Estr. Mun. Natal Lorencini - Fazenda Campo Verde - Jarinu,Fazenda Campo Verde,06:30,ADMSEXTA
07 - Jarinu,Av. Humberto Cereser - Caxambu - Jundiaí,Restaurante Piatti Belli,06:36,ADMSEXTA
07 - Jarinu,Av. Com. Antonio Borin - Caxambu - Jundiaí,Paroquia Senhor Bom Jesus Caxambu,06:40,ADMSEXTA
07 - Jarinu,Av. Imigrantes - Colonia - Jundiaí,Terminal Colonia,06:45,ADMSEXTA
07 - Jarinu,Av. Imigrantes - Colonia - Jundiaí,Condomínio Residencial Villaggio Del Sogno,06:46,ADMSEXTA
07 - Jarinu,Av. Brigido Marcassa - Jd. Pacaembu - Jundiaí,Ponto de Ônibus Urbano,06:47,ADMSEXTA
07 - Jarinu,Av. Alexandre Fleming - Jd. Pacaembu - Jundiaí,Estádio Jaime Cintra,06:48,ADMSEXTA
07 - Jarinu,R. Luiz Silvestroni - Jd. Pacaembu - Jundiaí,Ponto de Ônibus Urbano (Semáforo),06:50,ADMSEXTA
07 - Jarinu,R. Dr. Antenor Soares Grandra - Colonia - Jundiaí,Ponto de Ônibus Urbano,06:51,ADMSEXTA
07 - Jarinu,R. Agostinho Balestrim - Colonia - Jundiaí,sem Ponto,06:52,ADMSEXTA
07 - Jarinu,R. Luiz Benachio - Colonia - Jundiaí,Igreja Colônia,06:53,ADMSEXTA
07 - Jarinu,Av. Comendador Antonio Borim - Colonia - Jundiaí,Ponto de Ônibus Urbano - Entrada Jd. Carpas (Semáforo),06:54,ADMSEXTA
07 - Jarinu,R. Moacir Lopes - Jd. Caçula - Jundiaí,Esquina com a Rua Ruy Camargo Duarte,06:56,ADMSEXTA
07 - Jarinu,Av. Giustiniano Borin - Jd. Caçula - Jundiaí,Condomínio Gênova,06:57,ADMSEXTA
07 - Jarinu,R. Fernão Dias Pães Leme - Jd. São Camilo - Jundiaí,Praça,06:58,ADMSEXTA
07 - Jarinu,R. Padre Roma - Jd. São Camilo - Jundiaí,Emporio do Kit,06:59,ADMSEXTA
07 - Jarinu,R. José Maria Whitaker - Jd. São Camilo - Jundiaí,Ponto de Ônibus Urbano,07:00,ADMSEXTA
07 - Jarinu,Av. São Camilo - Jd. São Camilo - Jundiaí,Ponto de Ônibus Urbano,07:01,ADMSEXTA
07 - Jarinu,R. Espirito Santo - Tarumã - Jundiaí,Igreja Congregração,07:03,ADMSEXTA
07 - Jarinu,R. Rio de Janeiro - Jardim Tarumã - Jundiaí,CRAS São Camilo,07:05,ADMSEXTA
07 - Jarinu,Av. Capitão Francisco Copelli - Jardim Tarumã - Jundiaí,Menor Preço Supermercado,07:08,ADMSEXTA
07 - Jarinu,R. Bernardo Guimarães - Jardim California - Jundiaí,Sem Ponto,07:09,ADMSEXTA
07 - Jarinu,Av. Antônio Raimundo de Oliveira - Jardim California - Jundiaí,Ponto de Ônibus Urbano (Praça),07:10,ADMSEXTA
07 - Jarinu,Av. Humberto Cereser - Jundiaí Mirim - Jundiaí,Posto Jundiaí Mirim,07:12,ADMSEXTA
07 - Jarinu,Rod. João Cereer - Pinheirinhos - Jundiaí,Parque da Cidade,07:14,ADMSEXTA
07 - Jarinu,Rod. Dom Gabriel Paulino Couto - Distrito Industrial - Jundiaí,Posto Centenário,07:20,ADMSEXTA
Dom Pedro,AV GUILHERME CAMPOS - CAMPINAS,DOM PEDRO SHOPPING,06:40,ADM
Dom Pedro,ROD GOV ADHEMAR DE BARROS - CAMPINAS,CPFL,06:45,ADM
Dom Pedro,AV JOSÉ DE SOUZA CAMPOS - CAMPINAS,TAQUARAL,06:48,ADM
Dom Pedro,AV MORAES SALES - CAMPINAS,CENTRO,06:53,ADM
Dom Pedro,VIADUTO MIGUEL VICENTE CURY - CAMPINAS,CENTRO,06:57,ADM
Dom Pedro,AV JOÃO JORGE - CAMPINAS,BRADESCO,07:00,ADM
Dom Pedro,AV PRESTES MAIA - CAMPINAS,CASA DA CRIANÇA,07:02,ADM
Dom Pedro,AV PRESTES MAIA - CAMPINAS,FRANGO ASSADO DO POSTO SHELL,07:05,ADM
Dom Pedro,ROD ANHANGUERA - VINHEDO,CAPELA-VINHEDO,07:10,ADM
Ouro Verde,RUA ARMANDO FREDERICO RENGANESCHI - CAMPINAS,FRENTE TERMINAL OURO VERDE,06:40,ADM
Ouro Verde,AV EMILLY CRISTINNE GIOVANINI - CAMPINAS,DIC,06:45,ADM
Ouro Verde,RODOVIA MIGUEL MELHADO DE CAMPOS - CAMPINAS,CAMPO BELO,07:00,ADM
Barra Funda,Rua Dr Bento Teobaldo Ferraz - São Paulo,Esquina com a Thomas Edson-Barra Funda,06:30,ADM
Barra Funda,Marginal Tietê sentido Castelo - São Paulo,Ponte Piqueri,06:35,ADM
Barra Funda,Rodovia Anhanguera SP 330 - São Paulo,KM 29 acesso ao Polvilho-Cajamar,07:00,ADM
Taquaral,AV GUILHERME CAMPOS - CAMPINAS,SHOPPING DOM PEDRO,06:40,ADMSEXTA
Taquaral,AV JOSÉ DE SOUZA CAMPOS - CAMPINAS,TAQUARAL,06:45,ADMSEXTA
Taquaral,AV JOÃO JORGE - CAMPINAS,BRADESCO OU SE PREFERIR FRANGO ASSADO,06:55,ADMSEXTA
Taquaral,AV PRESTES MAIA -  - CAMPINAS,FRANGO ASSADO DO POSTO SHELL,07:00,ADMSEXTA
Taquaral,ROD ANHANGUERA -  - CAMPINAS,VALE VERDE-VALINHOS,07:05,ADMSEXTA
Taquaral,ROD ANHANGUERA -  - VINHEDO,CAPELA-VINHEDO,07:08,ADMSEXTA
Campinas,AV JOÃO JORGE - CAMPINAS,BRADESCO,12:50,T2
Campinas,AV PRESTES MAIA - CAMPINAS,POSTO TREVO,12:55,T2